DO,DO-20-001727,29/02/2020,SMA03,CV. SARI MULYA ABADI (LAMPUNG),,,,,BRNANT001,,ANTANGIN JRG PLUS JAHE MERAH TR10,10000,,DL0351/MPM/II/2020
DO,DO-20-001727,29/02/2020,SMA03,CV. SARI MULYA ABADI (LAMPUNG),,,,,BRNANT002,,ANTANGIN JRG PLUS JAHE MERAH TD20,2000,,DL0351/MPM/II/2020
DO,DO-20-001727,29/02/2020,SMA03,CV. SARI MULYA ABADI (LAMPUNG),,,,,BRNOBH003,,OB HERBAL B100,480,,DL0351/MPM/II/2020
DO,DO-20-001727,29/02/2020,SMA03,CV. SARI MULYA ABADI (LAMPUNG),,,,,BRNOBH001,,OB HERBAL B60,1440,,DL0351/MPM/II/2020
DO,DO-20-001727,29/02/2020,SMA03,CV. SARI MULYA ABADI (LAMPUNG),,,,,BRNANL002,,ANTALINU TR10,2000,,DL0351/MPM/II/2020
DO,DO-20-001727,29/02/2020,SMA03,CV. SARI MULYA ABADI (LAMPUNG),,,,,BRNANC001,,ANTANGIN PERMEN HERBAL RASA MADU MINT S5,1350,,DL0351/MPM/II/2020
DO,DO-20-001727,29/02/2020,SMA03,CV. SARI MULYA ABADI (LAMPUNG),,,,,BRNOBJ001,,OB HERBAL JUNIOR B60,960,,DL0351/MPM/II/2020
DO,DO-20-001727,29/02/2020,SMA03,CV. SARI MULYA ABADI (LAMPUNG),,,,,BRNKDS002,,KULDON TR10,2000,,DL0351/MPM/II/2020
DO,DO-20-001727,29/02/2020,SMA03,CV. SARI MULYA ABADI (LAMPUNG),,,,,BRNANC005,,ANTANGIN PERMEN ANEKA RASA T250,1500,,DL0351/MPM/II/2020
DO,DO-20-001727,29/02/2020,SMA03,CV. SARI MULYA ABADI (LAMPUNG),,,,,BRNANS003,,ANTANGIN JRG + MADU SD12,360000,,DL0351/MPM/II/2020
DO,DO-20-001727,29/02/2020,SMA03,CV. SARI MULYA ABADI (LAMPUNG),,,,,BRNANC008,,ANTANGIN PERMEN ANEKA RASA T150,300,,DL0351/MPM/II/2020
DO,DO-20-001727,29/02/2020,SMA03,CV. SARI MULYA ABADI (LAMPUNG),,,,,BRNKTT001,,TUNTAS  K10,1600,,DL0351/MPM/II/2020
DO,DO-20-001727,29/02/2020,SMA03,CV. SARI MULYA ABADI (LAMPUNG),,,,,BRNKRW001,,RAPET WANGI K10,1600,,DL0351/MPM/II/2020
DO,DO-20-001727,29/02/2020,SMA03,CV. SARI MULYA ABADI (LAMPUNG),,,,,BRNOBH004,,OB HERBAL B30,288,,DL0351/MPM/II/2020
DO,DO-20-001727,29/02/2020,SMA03,CV. SARI MULYA ABADI (LAMPUNG),,,,,BRNOBJ002,,OB HERBAL JUNIOR B30,288,,DL0351/MPM/II/2020
DO,DO-20-001727,29/02/2020,SMA03,CV. SARI MULYA ABADI (LAMPUNG),,,,,BRNANC003,,ANTANGIN PERMEN ANEKA RASA B50,25000,,DL0351/MPM/II/2020
DO,DO-20-001728,29/02/2020,DIY03,PT. DUTA INTRA YASA (YOGYA),,,,,BRNSPG002,,SRONGPAS R10,6000,,DL0442/MPM/II/2020
DO,DO-20-001728,29/02/2020,DIY03,PT. DUTA INTRA YASA (YOGYA),,,,,BRNSPG001,,SRONGPAS D20,2000,,DL0442/MPM/II/2020
DO,DO-20-001728,29/02/2020,DIY03,PT. DUTA INTRA YASA (YOGYA),,,,,BRNNSL001,,NATUR SLIM S30,288,,DL0442/MPM/II/2020
DO,DO-20-001728,29/02/2020,DIY03,PT. DUTA INTRA YASA (YOGYA),,,,,BRNOBH003,,OB HERBAL B100,1440,,DL0442/MPM/II/2020
DO,DO-20-001728,29/02/2020,DIY03,PT. DUTA INTRA YASA (YOGYA),,,,,BRNOBH001,,OB HERBAL B60,2880,,DL0442/MPM/II/2020
DO,DO-20-001728,29/02/2020,DIY03,PT. DUTA INTRA YASA (YOGYA),,,,,BRNOBH002,,OB HERBAL D10,300,,DL0442/MPM/II/2020
DO,DO-20-001728,29/02/2020,DIY03,PT. DUTA INTRA YASA (YOGYA),,,,,BRNANL002,,ANTALINU TR10,1000,,DL0442/MPM/II/2020
DO,DO-20-001728,29/02/2020,DIY03,PT. DUTA INTRA YASA (YOGYA),,,,,BRNOBJ001,,OB HERBAL JUNIOR B60,720,,DL0442/MPM/II/2020
DO,DO-20-001728,29/02/2020,DIY03,PT. DUTA INTRA YASA (YOGYA),,,,,BRNANJ002,,ANTANGIN JUNIOR SD5,6000,,DL0442/MPM/II/2020
DO,DO-20-001728,29/02/2020,DIY03,PT. DUTA INTRA YASA (YOGYA),,,,,BRNKDS002,,KULDON TR10,1000,,DL0442/MPM/II/2020
DO,DO-20-001728,29/02/2020,DIY03,PT. DUTA INTRA YASA (YOGYA),,,,,BRNANS002,,ANTANGIN JRG + MADU ST24,1200,,DL0442/MPM/II/2020
DO,DO-20-001728,29/02/2020,DIY03,PT. DUTA INTRA YASA (YOGYA),,,,,BRNANS003,,ANTANGIN JRG + MADU SD12,216000,,DL0442/MPM/II/2020
DO,DO-20-001728,29/02/2020,DIY03,PT. DUTA INTRA YASA (YOGYA),,,,,BRNANM001,,ANTANGIN MINT SD12,10800,,DL0442/MPM/II/2020
DO,DO-20-001728,29/02/2020,DIY03,PT. DUTA INTRA YASA (YOGYA),,,,,BRNKTT001,,TUNTAS  K10,500,,DL0442/MPM/II/2020
DO,DO-20-001728,29/02/2020,DIY03,PT. DUTA INTRA YASA (YOGYA),,,,,BRNTJH002,,TEJAHE PERMEN RASA JAHE T150,60,,DL0442/MPM/II/2020
DO,DO-20-001728,29/02/2020,DIY03,PT. DUTA INTRA YASA (YOGYA),,,,,BRNOBH004,,OB HERBAL B30,240,,DL0442/MPM/II/2020
DO,DO-20-001729,29/02/2020,DIY05,PT. DUTA INTRA YASA (MAGELANG),,,,,BRNSPG002,,SRONGPAS R10,10000,,DL0443/MPM/II/2020
DO,DO-20-001729,29/02/2020,DIY05,PT. DUTA INTRA YASA (MAGELANG),,,,,BRNOBH003,,OB HERBAL B100,144,,DL0443/MPM/II/2020
DO,DO-20-001729,29/02/2020,DIY05,PT. DUTA INTRA YASA (MAGELANG),,,,,BRNOBH001,,OB HERBAL B60,720,,DL0443/MPM/II/2020
DO,DO-20-001729,29/02/2020,DIY05,PT. DUTA INTRA YASA (MAGELANG),,,,,BRNOBH002,,OB HERBAL D10,300,,DL0443/MPM/II/2020
DO,DO-20-001729,29/02/2020,DIY05,PT. DUTA INTRA YASA (MAGELANG),,,,,BRNOBC001,,OB HERBAL PERMEN HERBAL RASA MINT S5,270,,DL0443/MPM/II/2020
DO,DO-20-001729,29/02/2020,DIY05,PT. DUTA INTRA YASA (MAGELANG),,,,,BRNOBJ001,,OB HERBAL JUNIOR B60,240,,DL0443/MPM/II/2020
DO,DO-20-001729,29/02/2020,DIY05,PT. DUTA INTRA YASA (MAGELANG),,,,,BRNANJ002,,ANTANGIN JUNIOR SD5,3000,,DL0443/MPM/II/2020
DO,DO-20-001729,29/02/2020,DIY05,PT. DUTA INTRA YASA (MAGELANG),,,,,BRNANS002,,ANTANGIN JRG + MADU ST24,480,,DL0443/MPM/II/2020
DO,DO-20-001729,29/02/2020,DIY05,PT. DUTA INTRA YASA (MAGELANG),,,,,BRNANS003,,ANTANGIN JRG + MADU SD12,72000,,DL0443/MPM/II/2020
DO,DO-20-001729,29/02/2020,DIY05,PT. DUTA INTRA YASA (MAGELANG),,,,,BRNANM001,,ANTANGIN MINT SD12,10800,,DL0443/MPM/II/2020
DO,DO-20-001729,29/02/2020,DIY05,PT. DUTA INTRA YASA (MAGELANG),,,,,BRNKTT001,,TUNTAS  K10,200,,DL0443/MPM/II/2020
DO,DO-20-001729,29/02/2020,DIY05,PT. DUTA INTRA YASA (MAGELANG),,,,,BRNTJH002,,TEJAHE PERMEN RASA JAHE T150,60,,DL0443/MPM/II/2020
DO,DO-20-001730,29/02/2020,DIY09,PT. DUTA INTRA YASA (TEMANGGUNG),,,,,BRNSPG002,,SRONGPAS R10,5000,,DL0444/MPM/II/2020
DO,DO-20-001730,29/02/2020,DIY09,PT. DUTA INTRA YASA (TEMANGGUNG),,,,,BRNOBH003,,OB HERBAL B100,48,,DL0444/MPM/II/2020
DO,DO-20-001730,29/02/2020,DIY09,PT. DUTA INTRA YASA (TEMANGGUNG),,,,,BRNOBH001,,OB HERBAL B60,480,,DL0444/MPM/II/2020
DO,DO-20-001730,29/02/2020,DIY09,PT. DUTA INTRA YASA (TEMANGGUNG),,,,,BRNOBJ001,,OB HERBAL JUNIOR B60,144,,DL0444/MPM/II/2020
DO,DO-20-001730,29/02/2020,DIY09,PT. DUTA INTRA YASA (TEMANGGUNG),,,,,BRNANJ002,,ANTANGIN JUNIOR SD5,1500,,DL0444/MPM/II/2020
DO,DO-20-001730,29/02/2020,DIY09,PT. DUTA INTRA YASA (TEMANGGUNG),,,,,BRNANS002,,ANTANGIN JRG + MADU ST24,240,,DL0444/MPM/II/2020
DO,DO-20-001730,29/02/2020,DIY09,PT. DUTA INTRA YASA (TEMANGGUNG),,,,,BRNANS003,,ANTANGIN JRG + MADU SD12,28800,,DL0444/MPM/II/2020
DO,DO-20-001730,29/02/2020,DIY09,PT. DUTA INTRA YASA (TEMANGGUNG),,,,,BRNANM001,,ANTANGIN MINT SD12,10800,,DL0444/MPM/II/2020
DO,DO-20-001731,29/02/2020,DIY06,PT. DUTA INTRA YASA (PURWOREJO),,,,,BRNSPG002,,SRONGPAS R10,2000,,DL0445/MPM/II/2020
DO,DO-20-001731,29/02/2020,DIY06,PT. DUTA INTRA YASA (PURWOREJO),,,,,BRNOBH003,,OB HERBAL B100,192,,DL0445/MPM/II/2020
DO,DO-20-001731,29/02/2020,DIY06,PT. DUTA INTRA YASA (PURWOREJO),,,,,BRNOBH001,,OB HERBAL B60,336,,DL0445/MPM/II/2020
DO,DO-20-001731,29/02/2020,DIY06,PT. DUTA INTRA YASA (PURWOREJO),,,,,BRNANC001,,ANTANGIN PERMEN HERBAL RASA MADU MINT S5,270,,DL0445/MPM/II/2020
DO,DO-20-001731,29/02/2020,DIY06,PT. DUTA INTRA YASA (PURWOREJO),,,,,BRNOBJ001,,OB HERBAL JUNIOR B60,96,,DL0445/MPM/II/2020
DO,DO-20-001731,29/02/2020,DIY06,PT. DUTA INTRA YASA (PURWOREJO),,,,,BRNKDS002,,KULDON TR10,1000,,DL0445/MPM/II/2020
DO,DO-20-001731,29/02/2020,DIY06,PT. DUTA INTRA YASA (PURWOREJO),,,,,BRNANS002,,ANTANGIN JRG + MADU ST24,720,,DL0445/MPM/II/2020
DO,DO-20-001731,29/02/2020,DIY06,PT. DUTA INTRA YASA (PURWOREJO),,,,,BRNANM001,,ANTANGIN MINT SD12,2160,,DL0445/MPM/II/2020
DO,DO-20-001732,29/02/2020,DIY08,PT. DUTA INTRA YASA (KEBUMEN),,,,,BRNSPG002,,SRONGPAS R10,1000,,DL0446/MPM/II/2020
DO,DO-20-001732,29/02/2020,DIY08,PT. DUTA INTRA YASA (KEBUMEN),,,,,BRNSPG001,,SRONGPAS D20,1000,,DL0446/MPM/II/2020
DO,DO-20-001732,29/02/2020,DIY08,PT. DUTA INTRA YASA (KEBUMEN),,,,,BRNOBH003,,OB HERBAL B100,192,,DL0446/MPM/II/2020
DO,DO-20-001732,29/02/2020,DIY08,PT. DUTA INTRA YASA (KEBUMEN),,,,,BRNOBH001,,OB HERBAL B60,720,,DL0446/MPM/II/2020
DO,DO-20-001732,29/02/2020,DIY08,PT. DUTA INTRA YASA (KEBUMEN),,,,,BRNOBH002,,OB HERBAL D10,600,,DL0446/MPM/II/2020
DO,DO-20-001732,29/02/2020,DIY08,PT. DUTA INTRA YASA (KEBUMEN),,,,,BRNOBC001,,OB HERBAL PERMEN HERBAL RASA MINT S5,270,,DL0446/MPM/II/2020
DO,DO-20-001732,29/02/2020,DIY08,PT. DUTA INTRA YASA (KEBUMEN),,,,,BRNANC002,,ANTANGIN PERMEN HERBAL RASA MADU MINT T30,900,,DL0446/MPM/II/2020
DO,DO-20-001732,29/02/2020,DIY08,PT. DUTA INTRA YASA (KEBUMEN),,,,,BRNOBJ001,,OB HERBAL JUNIOR B60,144,,DL0446/MPM/II/2020
DO,DO-20-001732,29/02/2020,DIY08,PT. DUTA INTRA YASA (KEBUMEN),,,,,BRNANC005,,ANTANGIN PERMEN ANEKA RASA T250,30,,DL0446/MPM/II/2020
DO,DO-20-001732,29/02/2020,DIY08,PT. DUTA INTRA YASA (KEBUMEN),,,,,BRNANS002,,ANTANGIN JRG + MADU ST24,480,,DL0446/MPM/II/2020
DO,DO-20-001732,29/02/2020,DIY08,PT. DUTA INTRA YASA (KEBUMEN),,,,,BRNANM001,,ANTANGIN MINT SD12,1800,,DL0446/MPM/II/2020
DO,DO-20-001732,29/02/2020,DIY08,PT. DUTA INTRA YASA (KEBUMEN),,,,,BRNANC008,,ANTANGIN PERMEN ANEKA RASA T150,60,,DL0446/MPM/II/2020
DO,DO-20-001733,29/02/2020,DIY04,PT. DUTA INTRA YASA (SOKARAJA),,,,,BRNSPG002,,SRONGPAS R10,3000,,DL0447/MPM/II/2020
DO,DO-20-001733,29/02/2020,DIY04,PT. DUTA INTRA YASA (SOKARAJA),,,,,BRNOBH001,,OB HERBAL B60,1200,,DL0447/MPM/II/2020
DO,DO-20-001733,29/02/2020,DIY04,PT. DUTA INTRA YASA (SOKARAJA),,,,,BRNANC001,,ANTANGIN PERMEN HERBAL RASA MADU MINT S5,270,,DL0447/MPM/II/2020
DO,DO-20-001733,29/02/2020,DIY04,PT. DUTA INTRA YASA (SOKARAJA),,,,,BRNOBJ001,,OB HERBAL JUNIOR B60,336,,DL0447/MPM/II/2020
DO,DO-20-001733,29/02/2020,DIY04,PT. DUTA INTRA YASA (SOKARAJA),,,,,BRNANJ002,,ANTANGIN JUNIOR SD5,900,,DL0447/MPM/II/2020
DO,DO-20-001733,29/02/2020,DIY04,PT. DUTA INTRA YASA (SOKARAJA),,,,,BRNANS002,,ANTANGIN JRG + MADU ST24,480,,DL0447/MPM/II/2020
DO,DO-20-001733,29/02/2020,DIY04,PT. DUTA INTRA YASA (SOKARAJA),,,,,BRNANS003,,ANTANGIN JRG + MADU SD12,28800,,DL0447/MPM/II/2020
DO,DO-20-001733,29/02/2020,DIY04,PT. DUTA INTRA YASA (SOKARAJA),,,,,BRNANM001,,ANTANGIN MINT SD12,4320,,DL0447/MPM/II/2020
DO,DO-20-001733,29/02/2020,DIY04,PT. DUTA INTRA YASA (SOKARAJA),,,,,BRNKTT001,,TUNTAS  K10,100,,DL0447/MPM/II/2020
DO,DO-20-001733,29/02/2020,DIY04,PT. DUTA INTRA YASA (SOKARAJA),,,,,BRNOBH004,,OB HERBAL B30,96,,DL0447/MPM/II/2020
DO,DO-20-001734,29/02/2020,DIY02,PT. DUTA INTRA YASA (CILACAP),,,,,BRNSPG002,,SRONGPAS R10,1000,,DL0448/MPM/II/2020
DO,DO-20-001734,29/02/2020,DIY02,PT. DUTA INTRA YASA (CILACAP),,,,,BRNOBH003,,OB HERBAL B100,288,,DL0448/MPM/II/2020
DO,DO-20-001734,29/02/2020,DIY02,PT. DUTA INTRA YASA (CILACAP),,,,,BRNOBH001,,OB HERBAL B60,720,,DL0448/MPM/II/2020
DO,DO-20-001734,29/02/2020,DIY02,PT. DUTA INTRA YASA (CILACAP),,,,,BRNOBJ001,,OB HERBAL JUNIOR B60,288,,DL0448/MPM/II/2020
DO,DO-20-001734,29/02/2020,DIY02,PT. DUTA INTRA YASA (CILACAP),,,,,BRNKDS002,,KULDON TR10,1000,,DL0448/MPM/II/2020
DO,DO-20-001734,29/02/2020,DIY02,PT. DUTA INTRA YASA (CILACAP),,,,,BRNANS003,,ANTANGIN JRG + MADU SD12,36000,,DL0448/MPM/II/2020
DO,DO-20-001734,29/02/2020,DIY02,PT. DUTA INTRA YASA (CILACAP),,,,,BRNANM001,,ANTANGIN MINT SD12,2160,,DL0448/MPM/II/2020
DO,DO-20-001735,29/02/2020,DIY01,PT. DUTA INTRA YASA (BANJARNEGARA),,,,,BRNSPG002,,SRONGPAS R10,2000,,DL0449/MPM/II/2020
DO,DO-20-001735,29/02/2020,DIY01,PT. DUTA INTRA YASA (BANJARNEGARA),,,,,BRNOBH003,,OB HERBAL B100,96,,DL0449/MPM/II/2020
DO,DO-20-001735,29/02/2020,DIY01,PT. DUTA INTRA YASA (BANJARNEGARA),,,,,BRNOBH001,,OB HERBAL B60,480,,DL0449/MPM/II/2020
DO,DO-20-001735,29/02/2020,DIY01,PT. DUTA INTRA YASA (BANJARNEGARA),,,,,BRNANC002,,ANTANGIN PERMEN HERBAL RASA MADU MINT T30,360,,DL0449/MPM/II/2020
DO,DO-20-001735,29/02/2020,DIY01,PT. DUTA INTRA YASA (BANJARNEGARA),,,,,BRNOBJ001,,OB HERBAL JUNIOR B60,96,,DL0449/MPM/II/2020
DO,DO-20-001735,29/02/2020,DIY01,PT. DUTA INTRA YASA (BANJARNEGARA),,,,,BRNANS002,,ANTANGIN JRG + MADU ST24,720,,DL0449/MPM/II/2020
DO,DO-20-001735,29/02/2020,DIY01,PT. DUTA INTRA YASA (BANJARNEGARA),,,,,BRNANS003,,ANTANGIN JRG + MADU SD12,7200,,DL0449/MPM/II/2020
DO,DO-20-001735,29/02/2020,DIY01,PT. DUTA INTRA YASA (BANJARNEGARA),,,,,BRNANM001,,ANTANGIN MINT SD12,3600,,DL0449/MPM/II/2020
DO,DO-20-001735,29/02/2020,DIY01,PT. DUTA INTRA YASA (BANJARNEGARA),,,,,BRNANC008,,ANTANGIN PERMEN ANEKA RASA T150,30,,DL0449/MPM/II/2020
DO,DO-20-001736,29/02/2020,JTG12,PT. JAVAS TRIPTA GEMALA (TEGAL),,,,,BRNANT001,,ANTANGIN JRG PLUS JAHE MERAH TR10,5000,,DL0475/MPM/II/2020
DO,DO-20-001736,29/02/2020,JTG12,PT. JAVAS TRIPTA GEMALA (TEGAL),,,,,BRNOBH001,,OB HERBAL B60,720,,DL0475/MPM/II/2020
DO,DO-20-001736,29/02/2020,JTG12,PT. JAVAS TRIPTA GEMALA (TEGAL),,,,,BRNOBJ001,,OB HERBAL JUNIOR B60,240,,DL0475/MPM/II/2020
DO,DO-20-001736,29/02/2020,JTG12,PT. JAVAS TRIPTA GEMALA (TEGAL),,,,,BRNKDS002,,KULDON TR10,2000,,DL0475/MPM/II/2020
DO,DO-20-001736,29/02/2020,JTG12,PT. JAVAS TRIPTA GEMALA (TEGAL),,,,,BRNANS002,,ANTANGIN JRG + MADU ST24,720,,DL0475/MPM/II/2020
DO,DO-20-001736,29/02/2020,JTG12,PT. JAVAS TRIPTA GEMALA (TEGAL),,,,,BRNANS003,,ANTANGIN JRG + MADU SD12,18000,,DL0475/MPM/II/2020
DO,DO-20-001736,29/02/2020,JTG12,PT. JAVAS TRIPTA GEMALA (TEGAL),,,,,BRNANM001,,ANTANGIN MINT SD12,1800,,DL0475/MPM/II/2020
DO,DO-20-001736,29/02/2020,JTG12,PT. JAVAS TRIPTA GEMALA (TEGAL),,,,,BRNKTT001,,TUNTAS  K10,500,,DL0475/MPM/II/2020
DO,DO-20-001736,29/02/2020,JTG12,PT. JAVAS TRIPTA GEMALA (TEGAL),,,,,BRNKRW001,,RAPET WANGI K10,1000,,DL0475/MPM/II/2020
DO,DO-20-001736,29/02/2020,JTG12,PT. JAVAS TRIPTA GEMALA (TEGAL),,,,,BRNOBZ001,,OB HERBAL ZIPLONG D5,600,,DL0475/MPM/II/2020
DO,DO-20-001737,29/02/2020,JTG01,PT. JAVAS TRIPTA GEMALA (BLORA),,,,,BRNOBH003,,OB HERBAL B100,96,,DL0476/MPM/II/2020
DO,DO-20-001737,29/02/2020,JTG01,PT. JAVAS TRIPTA GEMALA (BLORA),,,,,BRNOBH001,,OB HERBAL B60,144,,DL0476/MPM/II/2020
DO,DO-20-001737,29/02/2020,JTG01,PT. JAVAS TRIPTA GEMALA (BLORA),,,,,BRNOBH002,,OB HERBAL D10,900,,DL0476/MPM/II/2020
DO,DO-20-001737,29/02/2020,JTG01,PT. JAVAS TRIPTA GEMALA (BLORA),,,,,BRNOBJ001,,OB HERBAL JUNIOR B60,192,,DL0476/MPM/II/2020
DO,DO-20-001737,29/02/2020,JTG01,PT. JAVAS TRIPTA GEMALA (BLORA),,,,,BRNANJ002,,ANTANGIN JUNIOR SD5,5700,,DL0476/MPM/II/2020
DO,DO-20-001737,29/02/2020,JTG01,PT. JAVAS TRIPTA GEMALA (BLORA),,,,,BRNANS002,,ANTANGIN JRG + MADU ST24,1680,,DL0476/MPM/II/2020
DO,DO-20-001737,29/02/2020,JTG01,PT. JAVAS TRIPTA GEMALA (BLORA),,,,,BRNANS003,,ANTANGIN JRG + MADU SD12,36000,,DL0476/MPM/II/2020
DO,DO-20-001737,29/02/2020,JTG01,PT. JAVAS TRIPTA GEMALA (BLORA),,,,,BRNANM001,,ANTANGIN MINT SD12,6480,,DL0476/MPM/II/2020
DO,DO-20-001737,29/02/2020,JTG01,PT. JAVAS TRIPTA GEMALA (BLORA),,,,,BRNKTT001,,TUNTAS  K10,100,,DL0476/MPM/II/2020
DO,DO-20-001737,29/02/2020,JTG01,PT. JAVAS TRIPTA GEMALA (BLORA),,,,,BRNKRW001,,RAPET WANGI K10,100,,DL0476/MPM/II/2020
DO,DO-20-001737,29/02/2020,JTG01,PT. JAVAS TRIPTA GEMALA (BLORA),,,,,BRNOBZ001,,OB HERBAL ZIPLONG D5,600,,DL0476/MPM/II/2020
DO,DO-20-001737,29/02/2020,JTG01,PT. JAVAS TRIPTA GEMALA (BLORA),,,,,BRNOBZ002,,OB HERBAL ZIPLONG R10,300,,DL0476/MPM/II/2020
DO,DO-20-001738,29/02/2020,JTG04,PT. JAVAS TRIPTA GEMALA (KUDUS),,,,,BRNOBJ001,,OB HERBAL JUNIOR B60,480,,DL0477/MPM/II/2020
DO,DO-20-001738,29/02/2020,JTG04,PT. JAVAS TRIPTA GEMALA (KUDUS),,,,,BRNANJ002,,ANTANGIN JUNIOR SD5,13800,,DL0477/MPM/II/2020
DO,DO-20-001738,29/02/2020,JTG04,PT. JAVAS TRIPTA GEMALA (KUDUS),,,,,BRNANS003,,ANTANGIN JRG + MADU SD12,162000,,DL0477/MPM/II/2020
DO,DO-20-001738,29/02/2020,JTG04,PT. JAVAS TRIPTA GEMALA (KUDUS),,,,,BRNKTT001,,TUNTAS  K10,400,,DL0477/MPM/II/2020
DO,DO-20-001738,29/02/2020,JTG04,PT. JAVAS TRIPTA GEMALA (KUDUS),,,,,BRNKRW001,,RAPET WANGI K10,400,,DL0477/MPM/II/2020
DO,DO-20-001739,29/02/2020,JKT03,PT. JAVAS KARYA TRIPTA (CAKUNG),,,,,BRNANJ002,,ANTANGIN JUNIOR SD5,6000,,DL0482/MPM/II/2020
DO,DO-20-001739,29/02/2020,JKT03,PT. JAVAS KARYA TRIPTA (CAKUNG),,,,,BRNANS003,,ANTANGIN JRG + MADU SD12,180000,,DL0482/MPM/II/2020
DO,DO-20-001739,29/02/2020,JKT03,PT. JAVAS KARYA TRIPTA (CAKUNG),,,,,BRNANM001,,ANTANGIN MINT SD12,7200,,DL0482/MPM/II/2020
DO,DO-20-001740,29/02/2020,JKT01,PT. JAVAS KARYA TRIPTA (TANGERANG),,,,,BRNANT001,,ANTANGIN JRG PLUS JAHE MERAH TR10,20000,,DL0483/MPM/II/2020
DO,DO-20-001740,29/02/2020,JKT01,PT. JAVAS KARYA TRIPTA (TANGERANG),,,,,BRNANT002,,ANTANGIN JRG PLUS JAHE MERAH TD20,30000,,DL0483/MPM/II/2020
DO,DO-20-001740,29/02/2020,JKT01,PT. JAVAS KARYA TRIPTA (TANGERANG),,,,,BRNSPG002,,SRONGPAS R10,10000,,DL0483/MPM/II/2020
DO,DO-20-001740,29/02/2020,JKT01,PT. JAVAS KARYA TRIPTA (TANGERANG),,,,,BRNSPG001,,SRONGPAS D20,10000,,DL0483/MPM/II/2020
DO,DO-20-001740,29/02/2020,JKT01,PT. JAVAS KARYA TRIPTA (TANGERANG),,,,,BRNOBH003,,OB HERBAL B100,4800,,DL0483/MPM/II/2020
DO,DO-20-001740,29/02/2020,JKT01,PT. JAVAS KARYA TRIPTA (TANGERANG),,,,,BRNOBH001,,OB HERBAL B60,4800,,DL0483/MPM/II/2020
DO,DO-20-001740,29/02/2020,JKT01,PT. JAVAS KARYA TRIPTA (TANGERANG),,,,,BRNOBJ001,,OB HERBAL JUNIOR B60,960,,DL0483/MPM/II/2020
DO,DO-20-001740,29/02/2020,JKT01,PT. JAVAS KARYA TRIPTA (TANGERANG),,,,,BRNANJ002,,ANTANGIN JUNIOR SD5,9000,,DL0483/MPM/II/2020
DO,DO-20-001740,29/02/2020,JKT01,PT. JAVAS KARYA TRIPTA (TANGERANG),,,,,BRNKDS002,,KULDON TR10,5000,,DL0483/MPM/II/2020
DO,DO-20-001740,29/02/2020,JKT01,PT. JAVAS KARYA TRIPTA (TANGERANG),,,,,BRNKDS001,,KULDON TD10,5000,,DL0483/MPM/II/2020
DO,DO-20-001740,29/02/2020,JKT01,PT. JAVAS KARYA TRIPTA (TANGERANG),,,,,BRNANS003,,ANTANGIN JRG + MADU SD12,180000,,DL0483/MPM/II/2020
DO,DO-20-001740,29/02/2020,JKT01,PT. JAVAS KARYA TRIPTA (TANGERANG),,,,,BRNANM001,,ANTANGIN MINT SD12,21600,,DL0483/MPM/II/2020
DO,DO-20-001740,29/02/2020,JKT01,PT. JAVAS KARYA TRIPTA (TANGERANG),,,,,BRNKRW001,,RAPET WANGI K10,5000,,DL0483/MPM/II/2020
DO,DO-20-001740,29/02/2020,JKT01,PT. JAVAS KARYA TRIPTA (TANGERANG),,,,,BRNOBZ002,,OB HERBAL ZIPLONG R10,1500,,DL0483/MPM/II/2020
DO,DO-20-001740,29/02/2020,JKT01,PT. JAVAS KARYA TRIPTA (TANGERANG),,,,,BRNOBH004,,OB HERBAL B30,480,,DL0483/MPM/II/2020
DO,DO-20-001740,29/02/2020,JKT01,PT. JAVAS KARYA TRIPTA (TANGERANG),,,,,BRNOBJ002,,OB HERBAL JUNIOR B30,480,,DL0483/MPM/II/2020
DO,DO-20-001741,29/02/2020,JTG04,PT. JAVAS TRIPTA GEMALA (KUDUS),,,,,BRNANT001,,ANTANGIN JRG PLUS JAHE MERAH TR10,1000,,DL0346/MPM/II/2020
DO,DO-20-001741,29/02/2020,JTG04,PT. JAVAS TRIPTA GEMALA (KUDUS),,,,,BRNANC005,,ANTANGIN PERMEN ANEKA RASA T250,12,,DL0346/MPM/II/2020
DO,DO-20-001741,29/02/2020,JTG04,PT. JAVAS TRIPTA GEMALA (KUDUS),,,,,BRNANS002,,ANTANGIN JRG + MADU ST24,240,,DL0346/MPM/II/2020
DO,DO-20-001741,29/02/2020,JTG04,PT. JAVAS TRIPTA GEMALA (KUDUS),,,,,BRNTJH001,,TEJAHE PERMEN RASA JAHE B50,350,,DL0346/MPM/II/2020
DO,DO-20-001741,29/02/2020,JTG04,PT. JAVAS TRIPTA GEMALA (KUDUS),,,,,BRNTJH005,,TEJAHE PERMEN RASA BANDREK B50,200,,DL0346/MPM/II/2020
DO,DO-20-001741,29/02/2020,JTG04,PT. JAVAS TRIPTA GEMALA (KUDUS),,,,,BRNTJH006,,TEJAHE PERMEN RASA SEKOTENG B50,175,,DL0346/MPM/II/2020
DO,DO-20-001742,29/02/2020,JTG04,PT. JAVAS TRIPTA GEMALA (KUDUS),,,,,BRNANT001,,ANTANGIN JRG PLUS JAHE MERAH TR10,4000,,DL0364/MPM/II/2020
DO,DO-20-001742,29/02/2020,JTG04,PT. JAVAS TRIPTA GEMALA (KUDUS),,,,,BRNSPG002,,SRONGPAS R10,1000,,DL0364/MPM/II/2020
DO,DO-20-001742,29/02/2020,JTG04,PT. JAVAS TRIPTA GEMALA (KUDUS),,,,,BRNANC001,,ANTANGIN PERMEN HERBAL RASA MADU MINT S5,270,,DL0364/MPM/II/2020
DO,DO-20-001742,29/02/2020,JTG04,PT. JAVAS TRIPTA GEMALA (KUDUS),,,,,BRNANC002,,ANTANGIN PERMEN HERBAL RASA MADU MINT T30,360,,DL0364/MPM/II/2020
DO,DO-20-001742,29/02/2020,JTG04,PT. JAVAS TRIPTA GEMALA (KUDUS),,,,,BRNTJH005,,TEJAHE PERMEN RASA BANDREK B50,125,,DL0364/MPM/II/2020
DO,DO-20-001742,29/02/2020,JTG04,PT. JAVAS TRIPTA GEMALA (KUDUS),,,,,BRNTJH004,,TEJAHE PERMEN RASA JAHE T250,6,,DL0364/MPM/II/2020
DO,DO-20-001742,29/02/2020,JTG04,PT. JAVAS TRIPTA GEMALA (KUDUS),,,,,BRNTJH006,,TEJAHE PERMEN RASA SEKOTENG B50,175,,DL0364/MPM/II/2020
DO,DO-20-001743,29/02/2020,MPI11,PT. MILLENNIUM PHARMACON INTERNATIONAL Tbk. (SOLO),,,,,BRNANS001,,ANTANGIN JRG + MADU SD5,34200,,DL0524/MPM/II/2020
DO,DO-20-001743,29/02/2020,MPI11,PT. MILLENNIUM PHARMACON INTERNATIONAL Tbk. (SOLO),,,,,BRNANJ002,,ANTANGIN JUNIOR SD5,7800,,DL0524/MPM/II/2020
DO,DO-20-001743,29/02/2020,MPI11,PT. MILLENNIUM PHARMACON INTERNATIONAL Tbk. (SOLO),,,,,BRNANM002,,ANTANGIN MINT SD5,16200,,DL0524/MPM/II/2020
DO,DO-20-001744,29/02/2020,MPI11,PT. MILLENNIUM PHARMACON INTERNATIONAL Tbk. (SOLO),,,,,BRNANT002,,ANTANGIN JRG PLUS JAHE MERAH TD20,2000,,DL0553/MPM/II/2020
DO,DO-20-001744,29/02/2020,MPI11,PT. MILLENNIUM PHARMACON INTERNATIONAL Tbk. (SOLO),,,,,BRNOBH001,,OB HERBAL B60,480,,DL0553/MPM/II/2020
DO,DO-20-001744,29/02/2020,MPI11,PT. MILLENNIUM PHARMACON INTERNATIONAL Tbk. (SOLO),,,,,BRNANM001,,ANTANGIN MINT SD12,8640,,DL0553/MPM/II/2020
DO,DO-20-001758,29/02/2020,MPI05,PT. MILLENNIUM PHARMACON INTERNATIONAL Tbk. (BOGOR),,,,,BRNANS001,,ANTANGIN JRG + MADU SD5,79800,,DL0520/MPM/II/2020
DO,DO-20-001758,29/02/2020,MPI05,PT. MILLENNIUM PHARMACON INTERNATIONAL Tbk. (BOGOR),,,,,BRNANJ002,,ANTANGIN JUNIOR SD5,26400,,DL0520/MPM/II/2020
DO,DO-20-001758,29/02/2020,MPI05,PT. MILLENNIUM PHARMACON INTERNATIONAL Tbk. (BOGOR),,,,,BRNANM002,,ANTANGIN MINT SD5,35400,,DL0520/MPM/II/2020
DO,DO-20-001759,29/02/2020,MPI03,PT. MILLENNIUM PHARMACON INTERNATIONAL Tbk. (BEKASI),,,,,BRNANT002,,ANTANGIN JRG PLUS JAHE MERAH TD20,6000,,DL0547/MPM/II/2020
DO,DO-20-001759,29/02/2020,MPI03,PT. MILLENNIUM PHARMACON INTERNATIONAL Tbk. (BEKASI),,,,,BRNANS001,,ANTANGIN JRG + MADU SD5,5100,,DL0547/MPM/II/2020
DO,DO-20-001759,29/02/2020,MPI03,PT. MILLENNIUM PHARMACON INTERNATIONAL Tbk. (BEKASI),,,,,BRNOBH001,,OB HERBAL B60,576,,DL0547/MPM/II/2020
DO,DO-20-001759,29/02/2020,MPI03,PT. MILLENNIUM PHARMACON INTERNATIONAL Tbk. (BEKASI),,,,,BRNANJ002,,ANTANGIN JUNIOR SD5,3600,,DL0547/MPM/II/2020
DO,DO-20-001759,29/02/2020,MPI03,PT. MILLENNIUM PHARMACON INTERNATIONAL Tbk. (BEKASI),,,,,BRNANS003,,ANTANGIN JRG + MADU SD12,10080,,DL0547/MPM/II/2020
DO,DO-20-001759,29/02/2020,MPI03,PT. MILLENNIUM PHARMACON INTERNATIONAL Tbk. (BEKASI),,,,,BRNANM001,,ANTANGIN MINT SD12,3600,,DL0547/MPM/II/2020
DO,DO-20-001760,29/02/2020,MPI05,PT. MILLENNIUM PHARMACON INTERNATIONAL Tbk. (BOGOR),,,,,BRNANT002,,ANTANGIN JRG PLUS JAHE MERAH TD20,12000,,DL0548/MPM/II/2020
DO,DO-20-001760,29/02/2020,MPI05,PT. MILLENNIUM PHARMACON INTERNATIONAL Tbk. (BOGOR),,,,,BRNANS001,,ANTANGIN JRG + MADU SD5,18000,,DL0548/MPM/II/2020
DO,DO-20-001760,29/02/2020,MPI05,PT. MILLENNIUM PHARMACON INTERNATIONAL Tbk. (BOGOR),,,,,BRNOBH001,,OB HERBAL B60,4608,,DL0548/MPM/II/2020
DO,DO-20-001760,29/02/2020,MPI05,PT. MILLENNIUM PHARMACON INTERNATIONAL Tbk. (BOGOR),,,,,BRNANJ002,,ANTANGIN JUNIOR SD5,18000,,DL0548/MPM/II/2020
DO,DO-20-001760,29/02/2020,MPI05,PT. MILLENNIUM PHARMACON INTERNATIONAL Tbk. (BOGOR),,,,,BRNANS003,,ANTANGIN JRG + MADU SD12,20880,,DL0548/MPM/II/2020
DO,DO-20-001760,29/02/2020,MPI05,PT. MILLENNIUM PHARMACON INTERNATIONAL Tbk. (BOGOR),,,,,BRNANM001,,ANTANGIN MINT SD12,4680,,DL0548/MPM/II/2020
DO,DO-20-001761,29/02/2020,MPI02,PT. MILLENNIUM PHARMACON INTERNATIONAL Tbk. (JKT 2),,,,,BRNANS001,,ANTANGIN JRG + MADU SD5,55800,,DL0517/MPM/II/2020
DO,DO-20-001761,29/02/2020,MPI02,PT. MILLENNIUM PHARMACON INTERNATIONAL Tbk. (JKT 2),,,,,BRNANJ002,,ANTANGIN JUNIOR SD5,11400,,DL0517/MPM/II/2020
DO,DO-20-001761,29/02/2020,MPI02,PT. MILLENNIUM PHARMACON INTERNATIONAL Tbk. (JKT 2),,,,,BRNANM002,,ANTANGIN MINT SD5,28200,,DL0517/MPM/II/2020
DO,DO-20-001762,29/02/2020,MPI04,PT. MILLENNIUM PHARMACON INTERNATIONAL Tbk. (TANGERANG),,,,,BRNANS001,,ANTANGIN JRG + MADU SD5,56400,,DL0518/MPM/II/2020
DO,DO-20-001762,29/02/2020,MPI04,PT. MILLENNIUM PHARMACON INTERNATIONAL Tbk. (TANGERANG),,,,,BRNANJ002,,ANTANGIN JUNIOR SD5,17400,,DL0518/MPM/II/2020
DO,DO-20-001762,29/02/2020,MPI04,PT. MILLENNIUM PHARMACON INTERNATIONAL Tbk. (TANGERANG),,,,,BRNANM002,,ANTANGIN MINT SD5,29400,,DL0518/MPM/II/2020
DO,DO-20-001763,29/02/2020,MPI06,PT. MILLENNIUM PHARMACON INTERNATIONAL Tbk. (BANDUNG),,,,,BRNANS001,,ANTANGIN JRG + MADU SD5,39600,,DL0521/MPM/II/2020
DO,DO-20-001763,29/02/2020,MPI06,PT. MILLENNIUM PHARMACON INTERNATIONAL Tbk. (BANDUNG),,,,,BRNANJ002,,ANTANGIN JUNIOR SD5,13200,,DL0521/MPM/II/2020
DO,DO-20-001763,29/02/2020,MPI06,PT. MILLENNIUM PHARMACON INTERNATIONAL Tbk. (BANDUNG),,,,,BRNANM002,,ANTANGIN MINT SD5,19800,,DL0521/MPM/II/2020
DO,DO-20-001764,29/02/2020,MPI07,PT. MILLENNIUM PHARMACON INTERNATIONAL Tbk. (CIREBON),,,,,BRNANS001,,ANTANGIN JRG + MADU SD5,19800,,DL0522/MPM/II/2020
DO,DO-20-001764,29/02/2020,MPI07,PT. MILLENNIUM PHARMACON INTERNATIONAL Tbk. (CIREBON),,,,,BRNANJ002,,ANTANGIN JUNIOR SD5,7200,,DL0522/MPM/II/2020
DO,DO-20-001764,29/02/2020,MPI07,PT. MILLENNIUM PHARMACON INTERNATIONAL Tbk. (CIREBON),,,,,BRNANM002,,ANTANGIN MINT SD5,10200,,DL0522/MPM/II/2020
DO,DO-20-001765,29/02/2020,MPI04,PT. MILLENNIUM PHARMACON INTERNATIONAL Tbk. (TANGERANG),,,,,BRNANT002,,ANTANGIN JRG PLUS JAHE MERAH TD20,11000,,DL0546/MPM/II/2020
DO,DO-20-001765,29/02/2020,MPI04,PT. MILLENNIUM PHARMACON INTERNATIONAL Tbk. (TANGERANG),,,,,BRNANS001,,ANTANGIN JRG + MADU SD5,18000,,DL0546/MPM/II/2020
DO,DO-20-001765,29/02/2020,MPI04,PT. MILLENNIUM PHARMACON INTERNATIONAL Tbk. (TANGERANG),,,,,BRNOBH001,,OB HERBAL B60,4608,,DL0546/MPM/II/2020
DO,DO-20-001765,29/02/2020,MPI04,PT. MILLENNIUM PHARMACON INTERNATIONAL Tbk. (TANGERANG),,,,,BRNANJ002,,ANTANGIN JUNIOR SD5,18000,,DL0546/MPM/II/2020
DO,DO-20-001765,29/02/2020,MPI04,PT. MILLENNIUM PHARMACON INTERNATIONAL Tbk. (TANGERANG),,,,,BRNANS003,,ANTANGIN JRG + MADU SD12,12960,,DL0546/MPM/II/2020
DO,DO-20-001765,29/02/2020,MPI04,PT. MILLENNIUM PHARMACON INTERNATIONAL Tbk. (TANGERANG),,,,,BRNANM001,,ANTANGIN MINT SD12,5760,,DL0546/MPM/II/2020
DO,DO-20-001766,29/02/2020,MPI06,PT. MILLENNIUM PHARMACON INTERNATIONAL Tbk. (BANDUNG),,,,,BRNANT002,,ANTANGIN JRG PLUS JAHE MERAH TD20,5000,,DL0550/MPM/II/2020
DO,DO-20-001766,29/02/2020,MPI06,PT. MILLENNIUM PHARMACON INTERNATIONAL Tbk. (BANDUNG),,,,,BRNANJ002,,ANTANGIN JUNIOR SD5,18000,,DL0550/MPM/II/2020
DO,DO-20-001766,29/02/2020,MPI06,PT. MILLENNIUM PHARMACON INTERNATIONAL Tbk. (BANDUNG),,,,,BRNANS003,,ANTANGIN JRG + MADU SD12,7920,,DL0550/MPM/II/2020
DO,DO-20-001766,29/02/2020,MPI06,PT. MILLENNIUM PHARMACON INTERNATIONAL Tbk. (BANDUNG),,,,,BRNANM001,,ANTANGIN MINT SD12,6480,,DL0550/MPM/II/2020
DO,DO-20-001767,29/02/2020,MPI07,PT. MILLENNIUM PHARMACON INTERNATIONAL Tbk. (CIREBON),,,,,BRNANT002,,ANTANGIN JRG PLUS JAHE MERAH TD20,1000,,DL0551/MPM/II/2020
DO,DO-20-001767,29/02/2020,MPI07,PT. MILLENNIUM PHARMACON INTERNATIONAL Tbk. (CIREBON),,,,,BRNOBH001,,OB HERBAL B60,720,,DL0551/MPM/II/2020
DO,DO-20-001767,29/02/2020,MPI07,PT. MILLENNIUM PHARMACON INTERNATIONAL Tbk. (CIREBON),,,,,BRNANJ002,,ANTANGIN JUNIOR SD5,2100,,DL0551/MPM/II/2020
DO,DO-20-001767,29/02/2020,MPI07,PT. MILLENNIUM PHARMACON INTERNATIONAL Tbk. (CIREBON),,,,,BRNANS003,,ANTANGIN JRG + MADU SD12,5760,,DL0551/MPM/II/2020
DO,DO-20-001767,29/02/2020,MPI07,PT. MILLENNIUM PHARMACON INTERNATIONAL Tbk. (CIREBON),,,,,BRNANM001,,ANTANGIN MINT SD12,1440,,DL0551/MPM/II/2020
DO,DO-20-001768,29/02/2020,JTM02,PT. JAVAS TRIPTA MANDALA (SURABAYA),,,,,BRNANT002,,ANTANGIN JRG PLUS JAHE MERAH TD20,10000,,DL0458/MPM/II/2020
DO,DO-20-001768,29/02/2020,JTM02,PT. JAVAS TRIPTA MANDALA (SURABAYA),,,,,BRNOBH003,,OB HERBAL B100,1680,,DL0458/MPM/II/2020
DO,DO-20-001768,29/02/2020,JTM02,PT. JAVAS TRIPTA MANDALA (SURABAYA),,,,,BRNOBH001,,OB HERBAL B60,2400,,DL0458/MPM/II/2020
DO,DO-20-001768,29/02/2020,JTM02,PT. JAVAS TRIPTA MANDALA (SURABAYA),,,,,BRNANC001,,ANTANGIN PERMEN HERBAL RASA MADU MINT S5,9450,,DL0458/MPM/II/2020
DO,DO-20-001768,29/02/2020,JTM02,PT. JAVAS TRIPTA MANDALA (SURABAYA),,,,,BRNANJ002,,ANTANGIN JUNIOR SD5,30000,,DL0458/MPM/II/2020
DO,DO-20-001768,29/02/2020,JTM02,PT. JAVAS TRIPTA MANDALA (SURABAYA),,,,,BRNKDS001,,KULDON TD10,10000,,DL0458/MPM/II/2020
DO,DO-20-001768,29/02/2020,JTM02,PT. JAVAS TRIPTA MANDALA (SURABAYA),,,,,BRNANS003,,ANTANGIN JRG + MADU SD12,450000,,DL0458/MPM/II/2020
DO,DO-20-001768,29/02/2020,JTM02,PT. JAVAS TRIPTA MANDALA (SURABAYA),,,,,BRNKTT001,,TUNTAS  K10,2500,,DL0458/MPM/II/2020
DO,DO-20-001768,29/02/2020,JTM02,PT. JAVAS TRIPTA MANDALA (SURABAYA),,,,,BRNKRW001,,RAPET WANGI K10,1000,,DL0458/MPM/II/2020
DO,DO-20-001769,29/02/2020,JKT04,PT. JAVAS KARYA TRIPTA (BOGOR),,,,,BRNANT001,,ANTANGIN JRG PLUS JAHE MERAH TR10,30000,,DL0481/MPM/II/2020
DO,DO-20-001769,29/02/2020,JKT04,PT. JAVAS KARYA TRIPTA (BOGOR),,,,,BRNANT002,,ANTANGIN JRG PLUS JAHE MERAH TD20,20000,,DL0481/MPM/II/2020
DO,DO-20-001769,29/02/2020,JKT04,PT. JAVAS KARYA TRIPTA (BOGOR),,,,,BRNANJ002,,ANTANGIN JUNIOR SD5,15000,,DL0481/MPM/II/2020
DO,DO-20-001769,29/02/2020,JKT04,PT. JAVAS KARYA TRIPTA (BOGOR),,,,,BRNANS003,,ANTANGIN JRG + MADU SD12,180000,,DL0481/MPM/II/2020
DO,DO-20-001769,29/02/2020,JKT04,PT. JAVAS KARYA TRIPTA (BOGOR),,,,,BRNANM001,,ANTANGIN MINT SD12,7200,,DL0481/MPM/II/2020
DO,DO-20-001770,29/02/2020,JTM02,PT. JAVAS TRIPTA MANDALA (SURABAYA),,,,,BRNOBH003,,OB HERBAL B100,2400,,DL0484/MPM/II/2020
DO,DO-20-001770,29/02/2020,JTM02,PT. JAVAS TRIPTA MANDALA (SURABAYA),,,,,BRNOBH001,,OB HERBAL B60,2400,,DL0484/MPM/II/2020
DO,DO-20-001770,29/02/2020,JTM02,PT. JAVAS TRIPTA MANDALA (SURABAYA),,,,,BRNOBJ001,,OB HERBAL JUNIOR B60,480,,DL0484/MPM/II/2020
DO,DO-20-001770,29/02/2020,JTM02,PT. JAVAS TRIPTA MANDALA (SURABAYA),,,,,BRNANJ002,,ANTANGIN JUNIOR SD5,6000,,DL0484/MPM/II/2020
DO,DO-20-001771,29/02/2020,DML02,PT. DESJAWINA MULTI LESTARI (MEDAN),,,,,BRNANJ002,,ANTANGIN JUNIOR SD5,38400,,DL0378/MPM/II/2020
DO,DO-20-001771,29/02/2020,DML02,PT. DESJAWINA MULTI LESTARI (MEDAN),,,,,BRNANS003,,ANTANGIN JRG + MADU SD12,57600,,DL0378/MPM/II/2020
DO,DO-20-001772,29/02/2020,DML02,PT. DESJAWINA MULTI LESTARI (MEDAN),,,,,BRNANS003,,ANTANGIN JRG + MADU SD12,72000,,DL0379/MPM/II/2020
DO,DO-20-001773,29/02/2020,DML02,PT. DESJAWINA MULTI LESTARI (MEDAN),,,,,BRNANS003,,ANTANGIN JRG + MADU SD12,66240,,DL0380/MPM/II/2020
DO,DO-20-001774,29/02/2020,DML02,PT. DESJAWINA MULTI LESTARI (MEDAN),,,,,BRNANS003,,ANTANGIN JRG + MADU SD12,80640,,DL0381/MPM/II/2020
DO,DO-20-001775,29/02/2020,AS02,CV. ANUGRAH SEJATI (LB. LINGGAU),,,,,BRNANT002,,ANTANGIN JRG PLUS JAHE MERAH TD20,10000,,DL0390/MPM/II/2020
DO,DO-20-001775,29/02/2020,AS02,CV. ANUGRAH SEJATI (LB. LINGGAU),,,,,BRNOBH003,,OB HERBAL B100,192,,DL0390/MPM/II/2020
DO,DO-20-001775,29/02/2020,AS02,CV. ANUGRAH SEJATI (LB. LINGGAU),,,,,BRNOBH001,,OB HERBAL B60,480,,DL0390/MPM/II/2020
DO,DO-20-001775,29/02/2020,AS02,CV. ANUGRAH SEJATI (LB. LINGGAU),,,,,BRNOBJ001,,OB HERBAL JUNIOR B60,288,,DL0390/MPM/II/2020
DO,DO-20-001775,29/02/2020,AS02,CV. ANUGRAH SEJATI (LB. LINGGAU),,,,,BRNANJ002,,ANTANGIN JUNIOR SD5,12000,,DL0390/MPM/II/2020
DO,DO-20-001775,29/02/2020,AS02,CV. ANUGRAH SEJATI (LB. LINGGAU),,,,,BRNKDS001,,KULDON TD10,2000,,DL0390/MPM/II/2020
DO,DO-20-001775,29/02/2020,AS02,CV. ANUGRAH SEJATI (LB. LINGGAU),,,,,BRNANC008,,ANTANGIN PERMEN ANEKA RASA T150,96,,DL0390/MPM/II/2020
DO,DO-20-001775,29/02/2020,AS02,CV. ANUGRAH SEJATI (LB. LINGGAU),,,,,BRNTJH001,,TEJAHE PERMEN RASA JAHE B50,400,,DL0390/MPM/II/2020
DO,DO-20-001775,29/02/2020,AS02,CV. ANUGRAH SEJATI (LB. LINGGAU),,,,,BRNANC003,,ANTANGIN PERMEN ANEKA RASA B50,2000,,DL0390/MPM/II/2020
DO,DO-20-001779,29/02/2020,JTM11,PT. JAVAS TRIPTA MANDALA (BANYUWANGI),,,,,BRNSPG002,,SRONGPAS R10,1000,,DL0459/MPM/II/2020
DO,DO-20-001779,29/02/2020,JTM11,PT. JAVAS TRIPTA MANDALA (BANYUWANGI),,,,,BRNOBH003,,OB HERBAL B100,144,,DL0459/MPM/II/2020
DO,DO-20-001779,29/02/2020,JTM11,PT. JAVAS TRIPTA MANDALA (BANYUWANGI),,,,,BRNOBJ001,,OB HERBAL JUNIOR B60,144,,DL0459/MPM/II/2020
DO,DO-20-001779,29/02/2020,JTM11,PT. JAVAS TRIPTA MANDALA (BANYUWANGI),,,,,BRNOBH004,,OB HERBAL B30,96,,DL0459/MPM/II/2020
DO,DO-20-001780,29/02/2020,JTM10,PT. JAVAS TRIPTA MANDALA (LUMAJANG),,,,,BRNANC002,,ANTANGIN PERMEN HERBAL RASA MADU MINT T30,180,,DL0460/MPM/II/2020
DO,DO-20-001780,29/02/2020,JTM10,PT. JAVAS TRIPTA MANDALA (LUMAJANG),,,,,BRNOBJ001,,OB HERBAL JUNIOR B60,96,,DL0460/MPM/II/2020
DO,DO-20-001780,29/02/2020,JTM10,PT. JAVAS TRIPTA MANDALA (LUMAJANG),,,,,BRNANJ002,,ANTANGIN JUNIOR SD5,300,,DL0460/MPM/II/2020
DO,DO-20-001780,29/02/2020,JTM10,PT. JAVAS TRIPTA MANDALA (LUMAJANG),,,,,BRNANS002,,ANTANGIN JRG + MADU ST24,240,,DL0460/MPM/II/2020
DO,DO-20-001780,29/02/2020,JTM10,PT. JAVAS TRIPTA MANDALA (LUMAJANG),,,,,BRNANS003,,ANTANGIN JRG + MADU SD12,10800,,DL0460/MPM/II/2020
DO,DO-20-001780,29/02/2020,JTM10,PT. JAVAS TRIPTA MANDALA (LUMAJANG),,,,,BRNANM001,,ANTANGIN MINT SD12,360,,DL0460/MPM/II/2020
DO,DO-20-001780,29/02/2020,JTM10,PT. JAVAS TRIPTA MANDALA (LUMAJANG),,,,,BRNTJH002,,TEJAHE PERMEN RASA JAHE T150,6,,DL0460/MPM/II/2020
DO,DO-20-001780,29/02/2020,JTM10,PT. JAVAS TRIPTA MANDALA (LUMAJANG),,,,,BRNZPC001,,OB HERBAL ZIPLONG PERMEN B50,75,,DL0460/MPM/II/2020
DO,DO-20-001780,29/02/2020,JTM10,PT. JAVAS TRIPTA MANDALA (LUMAJANG),,,,,BRNANC003,,ANTANGIN PERMEN ANEKA RASA B50,375,,DL0460/MPM/II/2020
DO,DO-20-001781,29/02/2020,JTS06,PT. JAVAS TRIPTA SEJAHTERA (PONOROGO),,,,,BRNANJ002,,ANTANGIN JUNIOR SD5,3000,,DL0465/MPM/II/2020
DO,DO-20-001781,29/02/2020,JTS06,PT. JAVAS TRIPTA SEJAHTERA (PONOROGO),,,,,BRNANC008,,ANTANGIN PERMEN ANEKA RASA T150,60,,DL0465/MPM/II/2020
DO,DO-20-001781,29/02/2020,JTS06,PT. JAVAS TRIPTA SEJAHTERA (PONOROGO),,,,,BRNTJH001,,TEJAHE PERMEN RASA JAHE B50,1250,,DL0465/MPM/II/2020
DO,DO-20-001781,29/02/2020,JTS06,PT. JAVAS TRIPTA SEJAHTERA (PONOROGO),,,,,BRNTJH005,,TEJAHE PERMEN RASA BANDREK B50,625,,DL0465/MPM/II/2020
DO,DO-20-001781,29/02/2020,JTS06,PT. JAVAS TRIPTA SEJAHTERA (PONOROGO),,,,,BRNTJH006,,TEJAHE PERMEN RASA SEKOTENG B50,625,,DL0465/MPM/II/2020
DO,DO-20-001782,29/02/2020,JTS01,PT. JAVAS TRIPTA SEJAHTERA (BLITAR),,,,,BRNOBH001,,OB HERBAL B60,96,,DL0488/MPM/II/2020
DO,DO-20-001782,29/02/2020,JTS01,PT. JAVAS TRIPTA SEJAHTERA (BLITAR),,,,,BRNOBC001,,OB HERBAL PERMEN HERBAL RASA MINT S5,270,,DL0488/MPM/II/2020
DO,DO-20-001782,29/02/2020,JTS01,PT. JAVAS TRIPTA SEJAHTERA (BLITAR),,,,,BRNANJ002,,ANTANGIN JUNIOR SD5,2400,,DL0488/MPM/II/2020
DO,DO-20-001782,29/02/2020,JTS01,PT. JAVAS TRIPTA SEJAHTERA (BLITAR),,,,,BRNANC005,,ANTANGIN PERMEN ANEKA RASA T250,12,,DL0488/MPM/II/2020
DO,DO-20-001782,29/02/2020,JTS01,PT. JAVAS TRIPTA SEJAHTERA (BLITAR),,,,,BRNTJH001,,TEJAHE PERMEN RASA JAHE B50,525,,DL0488/MPM/II/2020
DO,DO-20-001782,29/02/2020,JTS01,PT. JAVAS TRIPTA SEJAHTERA (BLITAR),,,,,BRNTJH005,,TEJAHE PERMEN RASA BANDREK B50,50,,DL0488/MPM/II/2020
DO,DO-20-001782,29/02/2020,JTS01,PT. JAVAS TRIPTA SEJAHTERA (BLITAR),,,,,BRNTJH006,,TEJAHE PERMEN RASA SEKOTENG B50,25,,DL0488/MPM/II/2020
DO,DO-20-001782,29/02/2020,JTS01,PT. JAVAS TRIPTA SEJAHTERA (BLITAR),,,,,BRNZPC001,,OB HERBAL ZIPLONG PERMEN B50,125,,DL0488/MPM/II/2020
DO,DO-20-001782,29/02/2020,JTS01,PT. JAVAS TRIPTA SEJAHTERA (BLITAR),,,,,BRNOBH004,,OB HERBAL B30,48,,DL0488/MPM/II/2020
DO,DO-20-001782,29/02/2020,JTS01,PT. JAVAS TRIPTA SEJAHTERA (BLITAR),,,,,BRNANC003,,ANTANGIN PERMEN ANEKA RASA B50,1675,,DL0488/MPM/II/2020
DO,DO-20-001783,29/02/2020,JTS02,PT. JAVAS TRIPTA SEJAHTERA (CARUBAN),,,,,BRNOBZ001,,OB HERBAL ZIPLONG D5,300,,DL0489/MPM/II/2020
DO,DO-20-001783,29/02/2020,JTS02,PT. JAVAS TRIPTA SEJAHTERA (CARUBAN),,,,,BRNOBZ002,,OB HERBAL ZIPLONG R10,600,,DL0489/MPM/II/2020
DO,DO-20-001784,29/02/2020,CSS,PT. CAHAYA SATU SATU,,,,,BRNOBH003,,OB HERBAL B100,240,,DL0391/MPM/II/2020
DO,DO-20-001784,29/02/2020,CSS,PT. CAHAYA SATU SATU,,,,,BRNOBH001,,OB HERBAL B60,720,,DL0391/MPM/II/2020
DO,DO-20-001784,29/02/2020,CSS,PT. CAHAYA SATU SATU,,,,,BRNOBJ001,,OB HERBAL JUNIOR B60,240,,DL0391/MPM/II/2020
DO,DO-20-001784,29/02/2020,CSS,PT. CAHAYA SATU SATU,,,,,BRNANJ002,,ANTANGIN JUNIOR SD5,1500,,DL0391/MPM/II/2020
DO,DO-20-001784,29/02/2020,CSS,PT. CAHAYA SATU SATU,,,,,BRNANS003,,ANTANGIN JRG + MADU SD12,25200,,DL0391/MPM/II/2020
DO,DO-20-001784,29/02/2020,CSS,PT. CAHAYA SATU SATU,,,,,BRNKTT001,,TUNTAS  K10,3500,,DL0391/MPM/II/2020
DO,DO-20-001784,29/02/2020,CSS,PT. CAHAYA SATU SATU,,,,,BRNKRW001,,RAPET WANGI K10,800,,DL0391/MPM/II/2020
DO,DO-20-001784,29/02/2020,CSS,PT. CAHAYA SATU SATU,,,,,BRNOBH004,,OB HERBAL B30,240,,DL0391/MPM/II/2020
DO,DO-20-001785,29/02/2020,DML02,PT. DESJAWINA MULTI LESTARI (MEDAN),,,,,BRNANS003,,ANTANGIN JRG + MADU SD12,80640,,DL0414/MPM/II/2020
DO,DO-20-001786,29/02/2020,DML02,PT. DESJAWINA MULTI LESTARI (MEDAN),,,,,BRNANS003,,ANTANGIN JRG + MADU SD12,66240,,DL0415/MPM/II/2020
DO,DO-20-001787,29/02/2020,DML01,PT. DESJAWINA MULTI LESTARI (LANGKAT),,,,,BRNANS003,,ANTANGIN JRG + MADU SD12,102600,,DL0416/MPM/II/2020
DO,DO-20-001788,29/02/2020,DML01,PT. DESJAWINA MULTI LESTARI (LANGKAT),,,,,BRNOBH001,,OB HERBAL B60,240,,DL0441/MPM/II/2020
DO,DO-20-001788,29/02/2020,DML01,PT. DESJAWINA MULTI LESTARI (LANGKAT),,,,,BRNOBJ001,,OB HERBAL JUNIOR B60,240,,DL0441/MPM/II/2020
DO,DO-20-001788,29/02/2020,DML01,PT. DESJAWINA MULTI LESTARI (LANGKAT),,,,,BRNANM001,,ANTANGIN MINT SD12,1800,,DL0441/MPM/II/2020
DO,DO-20-001789,29/02/2020,JMS,CV. JAYA MAKMUR SEJAHTERA (R.PRAPAT),,,,,BRNANT002,,ANTANGIN JRG PLUS JAHE MERAH TD20,24000,,DL0394/MPM/II/2020
DO,DO-20-001789,29/02/2020,JMS,CV. JAYA MAKMUR SEJAHTERA (R.PRAPAT),,,,,BRNOBH003,,OB HERBAL B100,1440,,DL0394/MPM/II/2020
DO,DO-20-001789,29/02/2020,JMS,CV. JAYA MAKMUR SEJAHTERA (R.PRAPAT),,,,,BRNOBH001,,OB HERBAL B60,2160,,DL0394/MPM/II/2020
DO,DO-20-001789,29/02/2020,JMS,CV. JAYA MAKMUR SEJAHTERA (R.PRAPAT),,,,,BRNOBJ001,,OB HERBAL JUNIOR B60,864,,DL0394/MPM/II/2020
DO,DO-20-001789,29/02/2020,JMS,CV. JAYA MAKMUR SEJAHTERA (R.PRAPAT),,,,,BRNANJ002,,ANTANGIN JUNIOR SD5,67500,,DL0394/MPM/II/2020
DO,DO-20-001789,29/02/2020,JMS,CV. JAYA MAKMUR SEJAHTERA (R.PRAPAT),,,,,BRNANS003,,ANTANGIN JRG + MADU SD12,92160,,DL0394/MPM/II/2020
DO,DO-20-001790,29/02/2020,MPI29,PT. MILLENNIUM PHARMACON INTERNATIONAL Tbk. (DENPASAR),,,,,BRNANS001,,ANTANGIN JRG + MADU SD5,41100,,DL0514/MPM/II/2020
DO,DO-20-001790,29/02/2020,MPI29,PT. MILLENNIUM PHARMACON INTERNATIONAL Tbk. (DENPASAR),,,,,BRNANJ002,,ANTANGIN JUNIOR SD5,7500,,DL0514/MPM/II/2020
DO,DO-20-001790,29/02/2020,MPI29,PT. MILLENNIUM PHARMACON INTERNATIONAL Tbk. (DENPASAR),,,,,BRNANM002,,ANTANGIN MINT SD5,17100,,DL0514/MPM/II/2020
DO,DO-20-001791,29/02/2020,MPI30,PT. MILLENNIUM PHARMACON INTERNATIONAL Tbk. (MAKASSAR),,,,,BRNANS001,,ANTANGIN JRG + MADU SD5,20100,,DL0515/MPM/II/2020
DO,DO-20-001791,29/02/2020,MPI30,PT. MILLENNIUM PHARMACON INTERNATIONAL Tbk. (MAKASSAR),,,,,BRNANJ002,,ANTANGIN JUNIOR SD5,4200,,DL0515/MPM/II/2020
DO,DO-20-001791,29/02/2020,MPI30,PT. MILLENNIUM PHARMACON INTERNATIONAL Tbk. (MAKASSAR),,,,,BRNANM002,,ANTANGIN MINT SD5,8400,,DL0515/MPM/II/2020
DO,DO-20-001792,29/02/2020,MPI32,PT. MILLENNIUM PHARMACON INTERNATIONAL Tbk. (MANADO),,,,,BRNANS001,,ANTANGIN JRG + MADU SD5,7200,,DL0516/MPM/II/2020
DO,DO-20-001792,29/02/2020,MPI32,PT. MILLENNIUM PHARMACON INTERNATIONAL Tbk. (MANADO),,,,,BRNANJ002,,ANTANGIN JUNIOR SD5,1200,,DL0516/MPM/II/2020
DO,DO-20-001792,29/02/2020,MPI32,PT. MILLENNIUM PHARMACON INTERNATIONAL Tbk. (MANADO),,,,,BRNANM002,,ANTANGIN MINT SD5,3000,,DL0516/MPM/II/2020
DO,DO-20-001793,29/02/2020,MPI12,PT. MILLENNIUM PHARMACON INTERNATIONAL Tbk. (SURABAYA),,,,,BRNANS001,,ANTANGIN JRG + MADU SD5,78000,,DL0528/MPM/II/2020
DO,DO-20-001793,29/02/2020,MPI12,PT. MILLENNIUM PHARMACON INTERNATIONAL Tbk. (SURABAYA),,,,,BRNANJ002,,ANTANGIN JUNIOR SD5,17400,,DL0528/MPM/II/2020
DO,DO-20-001793,29/02/2020,MPI12,PT. MILLENNIUM PHARMACON INTERNATIONAL Tbk. (SURABAYA),,,,,BRNANM002,,ANTANGIN MINT SD5,39000,,DL0528/MPM/II/2020
DO,DO-20-001794,29/02/2020,MPI28,PT. MILLENNIUM PHARMACON INTERNATIONAL Tbk. (PONTIANAK),,,,,BRNOBH001,,OB HERBAL B60,720,,DL0544/MPM/II/2020
DO,DO-20-001794,29/02/2020,MPI28,PT. MILLENNIUM PHARMACON INTERNATIONAL Tbk. (PONTIANAK),,,,,BRNANJ002,,ANTANGIN JUNIOR SD5,6000,,DL0544/MPM/II/2020
DO,DO-20-001794,29/02/2020,MPI28,PT. MILLENNIUM PHARMACON INTERNATIONAL Tbk. (PONTIANAK),,,,,BRNANS003,,ANTANGIN JRG + MADU SD12,10800,,DL0544/MPM/II/2020
DO,DO-20-001794,29/02/2020,MPI28,PT. MILLENNIUM PHARMACON INTERNATIONAL Tbk. (PONTIANAK),,,,,BRNANM001,,ANTANGIN MINT SD12,10800,,DL0544/MPM/II/2020
DO,DO-20-001794,29/02/2020,MPI28,PT. MILLENNIUM PHARMACON INTERNATIONAL Tbk. (PONTIANAK),,,,,BRNANM002,,ANTANGIN MINT SD5,4500,,DL0544/MPM/II/2020
DO,DO-20-001795,29/02/2020,MPI29,PT. MILLENNIUM PHARMACON INTERNATIONAL Tbk. (DENPASAR),,,,,BRNANS001,,ANTANGIN JRG + MADU SD5,5100,,DL0559/MPM/II/2020
DO,DO-20-001795,29/02/2020,MPI29,PT. MILLENNIUM PHARMACON INTERNATIONAL Tbk. (DENPASAR),,,,,BRNOBH001,,OB HERBAL B60,912,,DL0559/MPM/II/2020
DO,DO-20-001795,29/02/2020,MPI29,PT. MILLENNIUM PHARMACON INTERNATIONAL Tbk. (DENPASAR),,,,,BRNANJ002,,ANTANGIN JUNIOR SD5,3600,,DL0559/MPM/II/2020
DO,DO-20-001795,29/02/2020,MPI29,PT. MILLENNIUM PHARMACON INTERNATIONAL Tbk. (DENPASAR),,,,,BRNANS003,,ANTANGIN JRG + MADU SD12,4320,,DL0559/MPM/II/2020
DO,DO-20-001795,29/02/2020,MPI29,PT. MILLENNIUM PHARMACON INTERNATIONAL Tbk. (DENPASAR),,,,,BRNANM001,,ANTANGIN MINT SD12,3600,,DL0559/MPM/II/2020
DO,DO-20-001796,29/02/2020,MPI30,PT. MILLENNIUM PHARMACON INTERNATIONAL Tbk. (MAKASSAR),,,,,BRNANT002,,ANTANGIN JRG PLUS JAHE MERAH TD20,1000,,DL0560/MPM/II/2020
DO,DO-20-001796,29/02/2020,MPI30,PT. MILLENNIUM PHARMACON INTERNATIONAL Tbk. (MAKASSAR),,,,,BRNOBH001,,OB HERBAL B60,576,,DL0560/MPM/II/2020
DO,DO-20-001796,29/02/2020,MPI30,PT. MILLENNIUM PHARMACON INTERNATIONAL Tbk. (MAKASSAR),,,,,BRNANS003,,ANTANGIN JRG + MADU SD12,3600,,DL0560/MPM/II/2020
DO,DO-20-001797,29/02/2020,MPI32,PT. MILLENNIUM PHARMACON INTERNATIONAL Tbk. (MANADO),,,,,BRNOBH001,,OB HERBAL B60,576,,DL0561/MPM/II/2020
DO,DO-20-001797,29/02/2020,MPI32,PT. MILLENNIUM PHARMACON INTERNATIONAL Tbk. (MANADO),,,,,BRNANM001,,ANTANGIN MINT SD12,720,,DL0561/MPM/II/2020
DO,DO-20-001798,29/02/2020,MPI28,PT. MILLENNIUM PHARMACON INTERNATIONAL Tbk. (PONTIANAK),,,,,BRNANS001,,ANTANGIN JRG + MADU SD5,3300,,DL0562/MPM/II/2020
DO,DO-20-001799,29/02/2020,MPI14,PT. MILLENNIUM PHARMACON INTERNATIONAL Tbk. (MALANG),,,,,BRNANS001,,ANTANGIN JRG + MADU SD5,34200,,DL0529/MPM/II/2020
DO,DO-20-001799,29/02/2020,MPI14,PT. MILLENNIUM PHARMACON INTERNATIONAL Tbk. (MALANG),,,,,BRNANJ002,,ANTANGIN JUNIOR SD5,9000,,DL0529/MPM/II/2020
DO,DO-20-001799,29/02/2020,MPI14,PT. MILLENNIUM PHARMACON INTERNATIONAL Tbk. (MALANG),,,,,BRNANM002,,ANTANGIN MINT SD5,14400,,DL0529/MPM/II/2020
DO,DO-20-001800,29/02/2020,MPI16,PT. MILLENNIUM PHARMACON INTERNATIONAL Tbk. (JEMBER),,,,,BRNANS001,,ANTANGIN JRG + MADU SD5,26400,,DL0530/MPM/II/2020
DO,DO-20-001800,29/02/2020,MPI16,PT. MILLENNIUM PHARMACON INTERNATIONAL Tbk. (JEMBER),,,,,BRNANJ002,,ANTANGIN JUNIOR SD5,6000,,DL0530/MPM/II/2020
DO,DO-20-001800,29/02/2020,MPI16,PT. MILLENNIUM PHARMACON INTERNATIONAL Tbk. (JEMBER),,,,,BRNANM002,,ANTANGIN MINT SD5,10800,,DL0530/MPM/II/2020
DO,DO-20-001801,29/02/2020,MPI13,PT. MILLENNIUM PHARMACON INTERNATIONAL Tbk. (SIDOARJO),,,,,BRNANT002,,ANTANGIN JRG PLUS JAHE MERAH TD20,2000,,DL0556/MPM/II/2020
DO,DO-20-001801,29/02/2020,MPI13,PT. MILLENNIUM PHARMACON INTERNATIONAL Tbk. (SIDOARJO),,,,,BRNANS001,,ANTANGIN JRG + MADU SD5,18000,,DL0556/MPM/II/2020
DO,DO-20-001801,29/02/2020,MPI13,PT. MILLENNIUM PHARMACON INTERNATIONAL Tbk. (SIDOARJO),,,,,BRNOBH001,,OB HERBAL B60,384,,DL0556/MPM/II/2020
DO,DO-20-001801,29/02/2020,MPI13,PT. MILLENNIUM PHARMACON INTERNATIONAL Tbk. (SIDOARJO),,,,,BRNANS003,,ANTANGIN JRG + MADU SD12,8640,,DL0556/MPM/II/2020
DO,DO-20-001802,29/02/2020,MPI14,PT. MILLENNIUM PHARMACON INTERNATIONAL Tbk. (MALANG),,,,,BRNANT002,,ANTANGIN JRG PLUS JAHE MERAH TD20,1000,,DL0557/MPM/II/2020
DO,DO-20-001802,29/02/2020,MPI14,PT. MILLENNIUM PHARMACON INTERNATIONAL Tbk. (MALANG),,,,,BRNANS001,,ANTANGIN JRG + MADU SD5,6300,,DL0557/MPM/II/2020
DO,DO-20-001802,29/02/2020,MPI14,PT. MILLENNIUM PHARMACON INTERNATIONAL Tbk. (MALANG),,,,,BRNANJ002,,ANTANGIN JUNIOR SD5,5700,,DL0557/MPM/II/2020
DO,DO-20-001802,29/02/2020,MPI14,PT. MILLENNIUM PHARMACON INTERNATIONAL Tbk. (MALANG),,,,,BRNANS003,,ANTANGIN JRG + MADU SD12,2880,,DL0557/MPM/II/2020
DO,DO-20-001802,29/02/2020,MPI14,PT. MILLENNIUM PHARMACON INTERNATIONAL Tbk. (MALANG),,,,,BRNANM001,,ANTANGIN MINT SD12,5400,,DL0557/MPM/II/2020
DO,DO-20-001803,29/02/2020,MPI16,PT. MILLENNIUM PHARMACON INTERNATIONAL Tbk. (JEMBER),,,,,BRNANT002,,ANTANGIN JRG PLUS JAHE MERAH TD20,1000,,DL0558/MPM/II/2020
DO,DO-20-001803,29/02/2020,MPI16,PT. MILLENNIUM PHARMACON INTERNATIONAL Tbk. (JEMBER),,,,,BRNANS001,,ANTANGIN JRG + MADU SD5,4200,,DL0558/MPM/II/2020
DO,DO-20-001803,29/02/2020,MPI16,PT. MILLENNIUM PHARMACON INTERNATIONAL Tbk. (JEMBER),,,,,BRNANS003,,ANTANGIN JRG + MADU SD12,4320,,DL0558/MPM/II/2020
DO,DO-20-001805,29/02/2020,MSL03,PT. MANDIRI SUKSES LESTARI (TB. TINGGI),,,,,BRNANS003,,ANTANGIN JRG + MADU SD12,100800,,DL0433/MPM/II/2020
DO,DO-20-001806,29/02/2020,MSL03,PT. MANDIRI SUKSES LESTARI (TB. TINGGI),,,,,BRNANT002,,ANTANGIN JRG PLUS JAHE MERAH TD20,16000,,DL0437/MPM/II/2020
DO,DO-20-001806,29/02/2020,MSL03,PT. MANDIRI SUKSES LESTARI (TB. TINGGI),,,,,BRNOBH003,,OB HERBAL B100,240,,DL0437/MPM/II/2020
DO,DO-20-001806,29/02/2020,MSL03,PT. MANDIRI SUKSES LESTARI (TB. TINGGI),,,,,BRNOBH001,,OB HERBAL B60,240,,DL0437/MPM/II/2020
DO,DO-20-001806,29/02/2020,MSL03,PT. MANDIRI SUKSES LESTARI (TB. TINGGI),,,,,BRNOBJ001,,OB HERBAL JUNIOR B60,288,,DL0437/MPM/II/2020
DO,DO-20-001806,29/02/2020,MSL03,PT. MANDIRI SUKSES LESTARI (TB. TINGGI),,,,,BRNANJ002,,ANTANGIN JUNIOR SD5,31200,,DL0437/MPM/II/2020
DO,DO-20-001806,29/02/2020,MSL03,PT. MANDIRI SUKSES LESTARI (TB. TINGGI),,,,,BRNKTT001,,TUNTAS  K10,200,,DL0437/MPM/II/2020
DO,DO-20-001806,29/02/2020,MSL03,PT. MANDIRI SUKSES LESTARI (TB. TINGGI),,,,,BRNKRW001,,RAPET WANGI K10,500,,DL0437/MPM/II/2020
DO,DO-20-001806,29/02/2020,MSL03,PT. MANDIRI SUKSES LESTARI (TB. TINGGI),,,,,BRNOBH004,,OB HERBAL B30,144,,DL0437/MPM/II/2020
DO,DO-20-001806,29/02/2020,MSL03,PT. MANDIRI SUKSES LESTARI (TB. TINGGI),,,,,BRNOBJ002,,OB HERBAL JUNIOR B30,96,,DL0437/MPM/II/2020
DO,DO-20-001807,29/02/2020,MSL03,PT. MANDIRI SUKSES LESTARI (TB. TINGGI),,,,,BRNANS003,,ANTANGIN JRG + MADU SD12,86400,,DL0438/MPM/II/2020
DO,DO-20-001808,29/02/2020,MSL02,PT. MANDIRI SUKSES LESTARI (PD. SIDEMPUAN),,,,,BRNOBH003,,OB HERBAL B100,240,,DL0472/MPM/II/2020
DO,DO-20-001808,29/02/2020,MSL02,PT. MANDIRI SUKSES LESTARI (PD. SIDEMPUAN),,,,,BRNANJ002,,ANTANGIN JUNIOR SD5,4800,,DL0472/MPM/II/2020
DO,DO-20-001808,29/02/2020,MSL02,PT. MANDIRI SUKSES LESTARI (PD. SIDEMPUAN),,,,,BRNANC005,,ANTANGIN PERMEN ANEKA RASA T250,180,,DL0472/MPM/II/2020
DO,DO-20-001808,29/02/2020,MSL02,PT. MANDIRI SUKSES LESTARI (PD. SIDEMPUAN),,,,,BRNANC006,,ANTANGIN PERMEN ANEKA RASA B200,192,,DL0472/MPM/II/2020
DO,DO-20-001808,29/02/2020,MSL02,PT. MANDIRI SUKSES LESTARI (PD. SIDEMPUAN),,,,,BRNANS003,,ANTANGIN JRG + MADU SD12,23040,,DL0472/MPM/II/2020
DO,DO-20-001809,29/02/2020,MSL01,PT. MANDIRI SUKSES LESTARI (ASAHAN),,,,,BRNANJ002,,ANTANGIN JUNIOR SD5,19200,,DL0473/MPM/II/2020
DO,DO-20-001809,29/02/2020,MSL01,PT. MANDIRI SUKSES LESTARI (ASAHAN),,,,,BRNANS003,,ANTANGIN JRG + MADU SD12,28800,,DL0473/MPM/II/2020
DO,DO-20-001810,29/02/2020,AS01,CV. ANUGRAH SEJATI (BENGKULU),,,,,BRNANS003,,ANTANGIN JRG + MADU SD12,72000,,DL0474/MPM/II/2020
DO,DO-20-001811,29/02/2020,MPI08,PT. MILLENNIUM PHARMACON INTERNATIONAL Tbk. (PURWOKERTO),,,,,BRNANS001,,ANTANGIN JRG + MADU SD5,8700,,DL0428/MPM/II/2020
DO,DO-20-001811,29/02/2020,MPI08,PT. MILLENNIUM PHARMACON INTERNATIONAL Tbk. (PURWOKERTO),,,,,BRNANS003,,ANTANGIN JRG + MADU SD12,9000,,DL0428/MPM/II/2020
DO,DO-20-001812,29/02/2020,MPI24,PT. MILLENNIUM PHARMACON INTERNATIONAL Tbk. (JAMBI),,,,,BRNANC003,,ANTANGIN PERMEN ANEKA RASA B50,300,,DL0542/MPM/II/2020
DO,DO-20-001813,29/02/2020,MPI08,PT. MILLENNIUM PHARMACON INTERNATIONAL Tbk. (PURWOKERTO),,,,,BRNANT002,,ANTANGIN JRG PLUS JAHE MERAH TD20,2000,,DL0552/MPM/II/2020
DO,DO-20-001813,29/02/2020,MPI08,PT. MILLENNIUM PHARMACON INTERNATIONAL Tbk. (PURWOKERTO),,,,,BRNOBH001,,OB HERBAL B60,2304,,DL0552/MPM/II/2020
DO,DO-20-001813,29/02/2020,MPI08,PT. MILLENNIUM PHARMACON INTERNATIONAL Tbk. (PURWOKERTO),,,,,BRNANJ002,,ANTANGIN JUNIOR SD5,2100,,DL0552/MPM/II/2020
DO,DO-20-001813,29/02/2020,MPI08,PT. MILLENNIUM PHARMACON INTERNATIONAL Tbk. (PURWOKERTO),,,,,BRNANS003,,ANTANGIN JRG + MADU SD12,720,,DL0552/MPM/II/2020
DO,DO-20-001813,29/02/2020,MPI08,PT. MILLENNIUM PHARMACON INTERNATIONAL Tbk. (PURWOKERTO),,,,,BRNANM001,,ANTANGIN MINT SD12,3960,,DL0552/MPM/II/2020
DO,DO-20-001814,29/02/2020,MPI09,PT. MILLENNIUM PHARMACON INTERNATIONAL Tbk. (SEMARANG),,,,,BRNOBH001,,OB HERBAL B60,2304,,DL0555/MPM/II/2020
DO,DO-20-001814,29/02/2020,MPI09,PT. MILLENNIUM PHARMACON INTERNATIONAL Tbk. (SEMARANG),,,,,BRNANJ002,,ANTANGIN JUNIOR SD5,3600,,DL0555/MPM/II/2020
DO,DO-20-001814,29/02/2020,MPI09,PT. MILLENNIUM PHARMACON INTERNATIONAL Tbk. (SEMARANG),,,,,BRNANS003,,ANTANGIN JRG + MADU SD12,7560,,DL0555/MPM/II/2020
DO,DO-20-001814,29/02/2020,MPI09,PT. MILLENNIUM PHARMACON INTERNATIONAL Tbk. (SEMARANG),,,,,BRNANM001,,ANTANGIN MINT SD12,3600,,DL0555/MPM/II/2020
DO,DO-20-001815,29/02/2020,MPI21,PT. MILLENNIUM PHARMACON INTERNATIONAL Tbk. (B.LAMPUNG),,,,,BRNANT002,,ANTANGIN JRG PLUS JAHE MERAH TD20,1000,,DL0563/MPM/II/2020
DO,DO-20-001815,29/02/2020,MPI21,PT. MILLENNIUM PHARMACON INTERNATIONAL Tbk. (B.LAMPUNG),,,,,BRNANJ002,,ANTANGIN JUNIOR SD5,2400,,DL0563/MPM/II/2020
DO,DO-20-001815,29/02/2020,MPI21,PT. MILLENNIUM PHARMACON INTERNATIONAL Tbk. (B.LAMPUNG),,,,,BRNANS003,,ANTANGIN JRG + MADU SD12,1440,,DL0563/MPM/II/2020
DO,DO-20-001815,29/02/2020,MPI21,PT. MILLENNIUM PHARMACON INTERNATIONAL Tbk. (B.LAMPUNG),,,,,BRNANM001,,ANTANGIN MINT SD12,1080,,DL0563/MPM/II/2020
DO,DO-20-001816,29/02/2020,MPI22,PT. MILLENNIUM PHARMACON INTERNATIONAL Tbk. (PEKANBARU),,,,,BRNANT002,,ANTANGIN JRG PLUS JAHE MERAH TD20,1000,,DL0564/MPM/II/2020
DO,DO-20-001816,29/02/2020,MPI22,PT. MILLENNIUM PHARMACON INTERNATIONAL Tbk. (PEKANBARU),,,,,BRNANS003,,ANTANGIN JRG + MADU SD12,2880,,DL0564/MPM/II/2020
DO,DO-20-001817,29/02/2020,JBL02,PT. JAVAS BALI LESTARI (LOMBOK),,,,,BRNANT002,,ANTANGIN JRG PLUS JAHE MERAH TD20,1000,,DL0439/MPM/II/2020
DO,DO-20-001817,29/02/2020,JBL02,PT. JAVAS BALI LESTARI (LOMBOK),,,,,BRNOBH003,,OB HERBAL B100,432,,DL0439/MPM/II/2020
DO,DO-20-001817,29/02/2020,JBL02,PT. JAVAS BALI LESTARI (LOMBOK),,,,,BRNOBH001,,OB HERBAL B60,720,,DL0439/MPM/II/2020
DO,DO-20-001817,29/02/2020,JBL02,PT. JAVAS BALI LESTARI (LOMBOK),,,,,BRNOBH002,,OB HERBAL D10,300,,DL0439/MPM/II/2020
DO,DO-20-001817,29/02/2020,JBL02,PT. JAVAS BALI LESTARI (LOMBOK),,,,,BRNANL001,,ANTALINU TD20,1000,,DL0439/MPM/II/2020
DO,DO-20-001817,29/02/2020,JBL02,PT. JAVAS BALI LESTARI (LOMBOK),,,,,BRNOBJ001,,OB HERBAL JUNIOR B60,1680,,DL0439/MPM/II/2020
DO,DO-20-001817,29/02/2020,JBL02,PT. JAVAS BALI LESTARI (LOMBOK),,,,,BRNANJ002,,ANTANGIN JUNIOR SD5,10500,,DL0439/MPM/II/2020
DO,DO-20-001817,29/02/2020,JBL02,PT. JAVAS BALI LESTARI (LOMBOK),,,,,BRNKDS001,,KULDON TD10,3000,,DL0439/MPM/II/2020
DO,DO-20-001817,29/02/2020,JBL02,PT. JAVAS BALI LESTARI (LOMBOK),,,,,BRNANC005,,ANTANGIN PERMEN ANEKA RASA T250,42,,DL0439/MPM/II/2020
DO,DO-20-001817,29/02/2020,JBL02,PT. JAVAS BALI LESTARI (LOMBOK),,,,,BRNANS002,,ANTANGIN JRG + MADU ST24,3600,,DL0439/MPM/II/2020
DO,DO-20-001817,29/02/2020,JBL02,PT. JAVAS BALI LESTARI (LOMBOK),,,,,BRNANS003,,ANTANGIN JRG + MADU SD12,336960,,DL0439/MPM/II/2020
DO,DO-20-001817,29/02/2020,JBL02,PT. JAVAS BALI LESTARI (LOMBOK),,,,,BRNANM001,,ANTANGIN MINT SD12,1800,,DL0439/MPM/II/2020
DO,DO-20-001817,29/02/2020,JBL02,PT. JAVAS BALI LESTARI (LOMBOK),,,,,BRNKTT001,,TUNTAS  K10,2500,,DL0439/MPM/II/2020
DO,DO-20-001817,29/02/2020,JBL02,PT. JAVAS BALI LESTARI (LOMBOK),,,,,BRNKRW001,,RAPET WANGI K10,900,,DL0439/MPM/II/2020
DO,DO-20-001817,29/02/2020,JBL02,PT. JAVAS BALI LESTARI (LOMBOK),,,,,BRNOBZ002,,OB HERBAL ZIPLONG R10,1800,,DL0439/MPM/II/2020
DO,DO-20-001817,29/02/2020,JBL02,PT. JAVAS BALI LESTARI (LOMBOK),,,,,BRNTJH004,,TEJAHE PERMEN RASA JAHE T250,6,,DL0439/MPM/II/2020
DO,DO-20-001818,29/02/2020,MPI18,PT. MILLENNIUM PHARMACON INTERNATIONAL Tbk. (MEDAN),,,,,BRNANS001,,ANTANGIN JRG + MADU SD5,75000,,DL0425/MPM/II/2020
DO,DO-20-001818,29/02/2020,MPI18,PT. MILLENNIUM PHARMACON INTERNATIONAL Tbk. (MEDAN),,,,,BRNOBH003,,OB HERBAL B100,144,,DL0425/MPM/II/2020
DO,DO-20-001818,29/02/2020,MPI18,PT. MILLENNIUM PHARMACON INTERNATIONAL Tbk. (MEDAN),,,,,BRNOBH001,,OB HERBAL B60,1200,,DL0425/MPM/II/2020
DO,DO-20-001818,29/02/2020,MPI18,PT. MILLENNIUM PHARMACON INTERNATIONAL Tbk. (MEDAN),,,,,BRNANC001,,ANTANGIN PERMEN HERBAL RASA MADU MINT S5,1890,,DL0425/MPM/II/2020
DO,DO-20-001818,29/02/2020,MPI18,PT. MILLENNIUM PHARMACON INTERNATIONAL Tbk. (MEDAN),,,,,BRNANJ002,,ANTANGIN JUNIOR SD5,30000,,DL0425/MPM/II/2020
DO,DO-20-001818,29/02/2020,MPI18,PT. MILLENNIUM PHARMACON INTERNATIONAL Tbk. (MEDAN),,,,,BRNANM002,,ANTANGIN MINT SD5,75000,,DL0425/MPM/II/2020
DO,DO-20-001818,29/02/2020,MPI18,PT. MILLENNIUM PHARMACON INTERNATIONAL Tbk. (MEDAN),,,,,BRNTJH001,,TEJAHE PERMEN RASA JAHE B50,600,,DL0425/MPM/II/2020
DO,DO-20-001819,29/02/2020,MPI08,PT. MILLENNIUM PHARMACON INTERNATIONAL Tbk. (PURWOKERTO),,,,,BRNANS001,,ANTANGIN JRG + MADU SD5,22200,,DL0523/MPM/II/2020
DO,DO-20-001819,29/02/2020,MPI08,PT. MILLENNIUM PHARMACON INTERNATIONAL Tbk. (PURWOKERTO),,,,,BRNANJ002,,ANTANGIN JUNIOR SD5,7200,,DL0523/MPM/II/2020
DO,DO-20-001819,29/02/2020,MPI08,PT. MILLENNIUM PHARMACON INTERNATIONAL Tbk. (PURWOKERTO),,,,,BRNANM002,,ANTANGIN MINT SD5,11400,,DL0523/MPM/II/2020
DO,DO-20-001820,29/02/2020,MPI10,PT. MILLENNIUM PHARMACON INTERNATIONAL Tbk. (YOGYAKARTA),,,,,BRNANS001,,ANTANGIN JRG + MADU SD5,27600,,DL0525/MPM/II/2020
DO,DO-20-001820,29/02/2020,MPI10,PT. MILLENNIUM PHARMACON INTERNATIONAL Tbk. (YOGYAKARTA),,,,,BRNANJ002,,ANTANGIN JUNIOR SD5,6600,,DL0525/MPM/II/2020
DO,DO-20-001820,29/02/2020,MPI10,PT. MILLENNIUM PHARMACON INTERNATIONAL Tbk. (YOGYAKARTA),,,,,BRNANM002,,ANTANGIN MINT SD5,12600,,DL0525/MPM/II/2020
DO,DO-20-001821,29/02/2020,MPI09,PT. MILLENNIUM PHARMACON INTERNATIONAL Tbk. (SEMARANG),,,,,BRNANS001,,ANTANGIN JRG + MADU SD5,30000,,DL0526/MPM/II/2020
DO,DO-20-001821,29/02/2020,MPI09,PT. MILLENNIUM PHARMACON INTERNATIONAL Tbk. (SEMARANG),,,,,BRNANJ002,,ANTANGIN JUNIOR SD5,6600,,DL0526/MPM/II/2020
DO,DO-20-001821,29/02/2020,MPI09,PT. MILLENNIUM PHARMACON INTERNATIONAL Tbk. (SEMARANG),,,,,BRNANM002,,ANTANGIN MINT SD5,13800,,DL0526/MPM/II/2020
DO,DO-20-001822,29/02/2020,MPI20,PT. MILLENNIUM PHARMACON INTERNATIONAL Tbk. (PALEMBANG),,,,,BRNANT002,,ANTANGIN JRG PLUS JAHE MERAH TD20,1000,,DL0540/MPM/II/2020
DO,DO-20-001822,29/02/2020,MPI20,PT. MILLENNIUM PHARMACON INTERNATIONAL Tbk. (PALEMBANG),,,,,BRNANS001,,ANTANGIN JRG + MADU SD5,6600,,DL0540/MPM/II/2020
DO,DO-20-001823,29/02/2020,MPI20,PT. MILLENNIUM PHARMACON INTERNATIONAL Tbk. (PALEMBANG),,,,,BRNANS001,,ANTANGIN JRG + MADU SD5,35100,,DL0541/MPM/II/2020
DO,DO-20-001824,29/02/2020,MPI24,PT. MILLENNIUM PHARMACON INTERNATIONAL Tbk. (JAMBI),,,,,BRNOBH001,,OB HERBAL B60,240,,DL0543/MPM/II/2020
DO,DO-20-001824,29/02/2020,MPI24,PT. MILLENNIUM PHARMACON INTERNATIONAL Tbk. (JAMBI),,,,,BRNANC001,,ANTANGIN PERMEN HERBAL RASA MADU MINT S5,3240,,DL0543/MPM/II/2020
DO,DO-20-001824,29/02/2020,MPI24,PT. MILLENNIUM PHARMACON INTERNATIONAL Tbk. (JAMBI),,,,,BRNANJ002,,ANTANGIN JUNIOR SD5,3000,,DL0543/MPM/II/2020
DO,DO-20-001824,29/02/2020,MPI24,PT. MILLENNIUM PHARMACON INTERNATIONAL Tbk. (JAMBI),,,,,BRNANS003,,ANTANGIN JRG + MADU SD12,14400,,DL0543/MPM/II/2020
DO,DO-20-001825,29/02/2020,MPI18,PT. MILLENNIUM PHARMACON INTERNATIONAL Tbk. (MEDAN),,,,,BRNANT002,,ANTANGIN JRG PLUS JAHE MERAH TD20,1000,,DL0565/MPM/II/2020
DO,DO-20-001825,29/02/2020,MPI18,PT. MILLENNIUM PHARMACON INTERNATIONAL Tbk. (MEDAN),,,,,BRNANS001,,ANTANGIN JRG + MADU SD5,3900,,DL0565/MPM/II/2020
DO,DO-20-001825,29/02/2020,MPI18,PT. MILLENNIUM PHARMACON INTERNATIONAL Tbk. (MEDAN),,,,,BRNOBH001,,OB HERBAL B60,528,,DL0565/MPM/II/2020
DO,DO-20-001825,29/02/2020,MPI18,PT. MILLENNIUM PHARMACON INTERNATIONAL Tbk. (MEDAN),,,,,BRNANJ002,,ANTANGIN JUNIOR SD5,4200,,DL0565/MPM/II/2020
DO,DO-20-001825,29/02/2020,MPI18,PT. MILLENNIUM PHARMACON INTERNATIONAL Tbk. (MEDAN),,,,,BRNANS003,,ANTANGIN JRG + MADU SD12,4320,,DL0565/MPM/II/2020
DO,DO-20-001825,29/02/2020,MPI18,PT. MILLENNIUM PHARMACON INTERNATIONAL Tbk. (MEDAN),,,,,BRNANM001,,ANTANGIN MINT SD12,3240,,DL0565/MPM/II/2020
DO,DO-20-001826,29/02/2020,MPI33,PT. MILLENIUM PHARMACON I (POLLING CAKUNG),,,,,BRNANT002,,ANTANGIN JRG PLUS JAHE MERAH TD20,40000,,DL0545/MPM/II/2020
DO,DO-20-001826,29/02/2020,MPI33,PT. MILLENIUM PHARMACON I (POLLING CAKUNG),,,,,BRNANS001,,ANTANGIN JRG + MADU SD5,150000,,DL0545/MPM/II/2020
DO,DO-20-001826,29/02/2020,MPI33,PT. MILLENIUM PHARMACON I (POLLING CAKUNG),,,,,BRNOBH001,,OB HERBAL B60,3840,,DL0545/MPM/II/2020
DO,DO-20-001826,29/02/2020,MPI33,PT. MILLENIUM PHARMACON I (POLLING CAKUNG),,,,,BRNANJ002,,ANTANGIN JUNIOR SD5,60000,,DL0545/MPM/II/2020
DO,DO-20-001826,29/02/2020,MPI33,PT. MILLENIUM PHARMACON I (POLLING CAKUNG),,,,,BRNANS003,,ANTANGIN JRG + MADU SD12,108000,,DL0545/MPM/II/2020
DO,DO-20-001826,29/02/2020,MPI33,PT. MILLENIUM PHARMACON I (POLLING CAKUNG),,,,,BRNANM001,,ANTANGIN MINT SD12,47880,,DL0545/MPM/II/2020
DO,DO-20-001826,29/02/2020,MPI33,PT. MILLENIUM PHARMACON I (POLLING CAKUNG),,,,,BRNANM002,,ANTANGIN MINT SD5,74400,,DL0545/MPM/II/2020
DO,DO-20-001827,29/02/2020,JTS05,PT. JAVAS TRIPTA SEJAHTERA  (MALANG),,,,,BRNANS003,,ANTANGIN JRG + MADU SD12,216000,,DL0539/MPM/II/2020
DO,DO-20-001828,29/02/2020,SSM,PT. SUMBER SEHAT MAKMUR (BANJARMASIN),,,,,BRNANL002,,ANTALINU TR10,40000,,DL0235/MPM/II/2020
DO,DO-20-001829,29/02/2020,DML02,PT. DESJAWINA MULTI LESTARI (MEDAN),,,,,BRNOBH003,,OB HERBAL B100,2304,,DL0376/MPM/II/2020
DO,DO-20-001829,29/02/2020,DML02,PT. DESJAWINA MULTI LESTARI (MEDAN),,,,,BRNOBH001,,OB HERBAL B60,2160,,DL0376/MPM/II/2020
DO,DO-20-001829,29/02/2020,DML02,PT. DESJAWINA MULTI LESTARI (MEDAN),,,,,BRNOBJ001,,OB HERBAL JUNIOR B60,2160,,DL0376/MPM/II/2020
DO,DO-20-001829,29/02/2020,DML02,PT. DESJAWINA MULTI LESTARI (MEDAN),,,,,BRNANJ002,,ANTANGIN JUNIOR SD5,57600,,DL0376/MPM/II/2020
DO,DO-20-001830,29/02/2020,DML02,PT. DESJAWINA MULTI LESTARI (MEDAN),,,,,BRNANS003,,ANTANGIN JRG + MADU SD12,69120,,DL0382/MPM/II/2020
DO,DO-20-001831,29/02/2020,DML02,PT. DESJAWINA MULTI LESTARI (MEDAN),,,,,BRNANT002,,ANTANGIN JRG PLUS JAHE MERAH TD20,50000,,DL0383/MPM/II/2020
DO,DO-20-001831,29/02/2020,DML02,PT. DESJAWINA MULTI LESTARI (MEDAN),,,,,BRNOBH003,,OB HERBAL B100,96,,DL0383/MPM/II/2020
DO,DO-20-001831,29/02/2020,DML02,PT. DESJAWINA MULTI LESTARI (MEDAN),,,,,BRNOBH001,,OB HERBAL B60,240,,DL0383/MPM/II/2020
DO,DO-20-001831,29/02/2020,DML02,PT. DESJAWINA MULTI LESTARI (MEDAN),,,,,BRNOBJ001,,OB HERBAL JUNIOR B60,240,,DL0383/MPM/II/2020
DO,DO-20-001831,29/02/2020,DML02,PT. DESJAWINA MULTI LESTARI (MEDAN),,,,,BRNANJ002,,ANTANGIN JUNIOR SD5,19200,,DL0383/MPM/II/2020
DO,DO-20-001831,29/02/2020,DML02,PT. DESJAWINA MULTI LESTARI (MEDAN),,,,,BRNANC006,,ANTANGIN PERMEN ANEKA RASA B200,192,,DL0383/MPM/II/2020
DO,DO-20-001831,29/02/2020,DML02,PT. DESJAWINA MULTI LESTARI (MEDAN),,,,,BRNTJH006,,TEJAHE PERMEN RASA SEKOTENG B50,200,,DL0383/MPM/II/2020
DO,DO-20-001832,29/02/2020,SMA03,CV. SARI MULYA ABADI (LAMPUNG),,,,,BRNANT001,,ANTANGIN JRG PLUS JAHE MERAH TR10,15000,,DL0450/MPM/II/2020
DO,DO-20-001832,29/02/2020,SMA03,CV. SARI MULYA ABADI (LAMPUNG),,,,,BRNANT002,,ANTANGIN JRG PLUS JAHE MERAH TD20,2000,,DL0450/MPM/II/2020
DO,DO-20-001832,29/02/2020,SMA03,CV. SARI MULYA ABADI (LAMPUNG),,,,,BRNOBH001,,OB HERBAL B60,960,,DL0450/MPM/II/2020
DO,DO-20-001832,29/02/2020,SMA03,CV. SARI MULYA ABADI (LAMPUNG),,,,,BRNOBJ001,,OB HERBAL JUNIOR B60,960,,DL0450/MPM/II/2020
DO,DO-20-001832,29/02/2020,SMA03,CV. SARI MULYA ABADI (LAMPUNG),,,,,BRNANJ002,,ANTANGIN JUNIOR SD5,30000,,DL0450/MPM/II/2020
DO,DO-20-001832,29/02/2020,SMA03,CV. SARI MULYA ABADI (LAMPUNG),,,,,BRNANS003,,ANTANGIN JRG + MADU SD12,216000,,DL0450/MPM/II/2020
DO,DO-20-001832,29/02/2020,SMA03,CV. SARI MULYA ABADI (LAMPUNG),,,,,BRNANM001,,ANTANGIN MINT SD12,10800,,DL0450/MPM/II/2020
DO,DO-20-001832,29/02/2020,SMA03,CV. SARI MULYA ABADI (LAMPUNG),,,,,BRNOBH004,,OB HERBAL B30,480,,DL0450/MPM/II/2020
DO,DO-20-001832,29/02/2020,SMA03,CV. SARI MULYA ABADI (LAMPUNG),,,,,BRNOBJ002,,OB HERBAL JUNIOR B30,480,,DL0450/MPM/II/2020
DO,DO-20-001833,29/02/2020,ABK,CV. ANUGRAH BUMI KHATULISTIWA (PONTIANAK),,,,,BRNOBH001,,OB HERBAL B60,2880,,DL0452/MPM/II/2020
DO,DO-20-001833,29/02/2020,ABK,CV. ANUGRAH BUMI KHATULISTIWA (PONTIANAK),,,,,BRNOBJ001,,OB HERBAL JUNIOR B60,960,,DL0452/MPM/II/2020
DO,DO-20-001833,29/02/2020,ABK,CV. ANUGRAH BUMI KHATULISTIWA (PONTIANAK),,,,,BRNANJ002,,ANTANGIN JUNIOR SD5,18000,,DL0452/MPM/II/2020
DO,DO-20-001833,29/02/2020,ABK,CV. ANUGRAH BUMI KHATULISTIWA (PONTIANAK),,,,,BRNANS003,,ANTANGIN JRG + MADU SD12,108000,,DL0452/MPM/II/2020
DO,DO-20-001833,29/02/2020,ABK,CV. ANUGRAH BUMI KHATULISTIWA (PONTIANAK),,,,,BRNANM001,,ANTANGIN MINT SD12,8640,,DL0452/MPM/II/2020
DO,DO-20-001834,29/02/2020,BPM05,CV. BANJAR PUTRA MANDIRI (SAMARINDA),,,,,BRNANJ002,,ANTANGIN JUNIOR SD5,4500,,DL0466/MPM/II/2020
DO,DO-20-001834,29/02/2020,BPM05,CV. BANJAR PUTRA MANDIRI (SAMARINDA),,,,,BRNANS003,,ANTANGIN JRG + MADU SD12,129600,,DL0466/MPM/II/2020
DO,DO-20-001834,29/02/2020,BPM05,CV. BANJAR PUTRA MANDIRI (SAMARINDA),,,,,BRNKTT001,,TUNTAS  K10,1600,,DL0466/MPM/II/2020
DO,DO-20-001834,29/02/2020,BPM05,CV. BANJAR PUTRA MANDIRI (SAMARINDA),,,,,BRNKRW001,,RAPET WANGI K10,1600,,DL0466/MPM/II/2020
DO,DO-20-001835,29/02/2020,BPM05,CV. BANJAR PUTRA MANDIRI (SAMARINDA),,,,,BRNKTT001BK,,TUNTAS  K10 BK,136,,095/PP-SLS/IX/19
DO,DO-20-001835,29/02/2020,BPM05,CV. BANJAR PUTRA MANDIRI (SAMARINDA),,,,,BRNKRW001BK,,RAPET WANGI K10 BK,261,,095/PP-SLS/IX/19
DO,DO-20-001835,29/02/2020,BPM05,CV. BANJAR PUTRA MANDIRI (SAMARINDA),,,,,BRNANT002BK,,ANTANGIN JRG PLUS JAHE MERAH TD20 BK,180,,095/PP-SLS/IX/19
DO,DO-20-001835,29/02/2020,BPM05,CV. BANJAR PUTRA MANDIRI (SAMARINDA),,,,,BRNTJH001BK,,TEJAHE PERMEN RASA JAHE B50 BK,17,,095/PP-SLS/IX/19
DO,DO-20-001835,29/02/2020,BPM05,CV. BANJAR PUTRA MANDIRI (SAMARINDA),,,,,BRNKDS001BK,,KULDON TD10 BK,70,,095/PP-SLS/IX/19
DO,DO-20-001835,29/02/2020,BPM05,CV. BANJAR PUTRA MANDIRI (SAMARINDA),,,,,BRNANJ002BK,,ANTANGIN JUNIORS SD5 BK,230,,095/PP-SLS/IX/19
DO,DO-20-001839,29/02/2020,DML02,PT. DESJAWINA MULTI LESTARI (MEDAN),,,,,BRNANT002,,ANTANGIN JRG PLUS JAHE MERAH TD20,48000,,DL0410/MPM/II/2020
DO,DO-20-001839,29/02/2020,DML02,PT. DESJAWINA MULTI LESTARI (MEDAN),,,,,BRNNSL001,,NATUR SLIM S30,720,,DL0410/MPM/II/2020
DO,DO-20-001839,29/02/2020,DML02,PT. DESJAWINA MULTI LESTARI (MEDAN),,,,,BRNOBH003,,OB HERBAL B100,96,,DL0410/MPM/II/2020
DO,DO-20-001839,29/02/2020,DML02,PT. DESJAWINA MULTI LESTARI (MEDAN),,,,,BRNOBH001,,OB HERBAL B60,384,,DL0410/MPM/II/2020
DO,DO-20-001839,29/02/2020,DML02,PT. DESJAWINA MULTI LESTARI (MEDAN),,,,,BRNOBJ001,,OB HERBAL JUNIOR B60,96,,DL0410/MPM/II/2020
DO,DO-20-001839,29/02/2020,DML02,PT. DESJAWINA MULTI LESTARI (MEDAN),,,,,BRNANJ002,,ANTANGIN JUNIOR SD5,24000,,DL0410/MPM/II/2020
DO,DO-20-001840,29/02/2020,DML02,PT. DESJAWINA MULTI LESTARI (MEDAN),,,,,BRNOBH003,,OB HERBAL B100,2304,,DL0411/MPM/II/2020
DO,DO-20-001840,29/02/2020,DML02,PT. DESJAWINA MULTI LESTARI (MEDAN),,,,,BRNOBH001,,OB HERBAL B60,3456,,DL0411/MPM/II/2020
DO,DO-20-001840,29/02/2020,DML02,PT. DESJAWINA MULTI LESTARI (MEDAN),,,,,BRNOBJ001,,OB HERBAL JUNIOR B60,864,,DL0411/MPM/II/2020
DO,DO-20-001840,29/02/2020,DML02,PT. DESJAWINA MULTI LESTARI (MEDAN),,,,,BRNANJ002,,ANTANGIN JUNIOR SD5,60000,,DL0411/MPM/II/2020
DO,DO-20-001841,29/02/2020,DML02,PT. DESJAWINA MULTI LESTARI (MEDAN),,,,,BRNANJ002,,ANTANGIN JUNIOR SD5,64800,,DL0413/MPM/II/2020
DO,DO-20-001842,29/02/2020,ABK01,CV. ANUGRAH BUMI KHATULISTIWA ( SINTANG ),,,,,BRNANJ002,,ANTANGIN JUNIOR SD5,3000,,DL0478/MPM/II/2020
DO,DO-20-001842,29/02/2020,ABK01,CV. ANUGRAH BUMI KHATULISTIWA ( SINTANG ),,,,,BRNANC005,,ANTANGIN PERMEN ANEKA RASA T250,60,,DL0478/MPM/II/2020
DO,DO-20-001842,29/02/2020,ABK01,CV. ANUGRAH BUMI KHATULISTIWA ( SINTANG ),,,,,BRNANS003,,ANTANGIN JRG + MADU SD12,46800,,DL0478/MPM/II/2020
DO,DO-20-001842,29/02/2020,ABK01,CV. ANUGRAH BUMI KHATULISTIWA ( SINTANG ),,,,,BRNANM001,,ANTANGIN MINT SD12,5400,,DL0478/MPM/II/2020
DO,DO-20-001842,29/02/2020,ABK01,CV. ANUGRAH BUMI KHATULISTIWA ( SINTANG ),,,,,BRNTJH001,,TEJAHE PERMEN RASA JAHE B50,125,,DL0478/MPM/II/2020
DO,DO-20-001842,29/02/2020,ABK01,CV. ANUGRAH BUMI KHATULISTIWA ( SINTANG ),,,,,BRNTJH005,,TEJAHE PERMEN RASA BANDREK B50,125,,DL0478/MPM/II/2020
DO,DO-20-001842,29/02/2020,ABK01,CV. ANUGRAH BUMI KHATULISTIWA ( SINTANG ),,,,,BRNTJH006,,TEJAHE PERMEN RASA SEKOTENG B50,125,,DL0478/MPM/II/2020
DO,DO-20-001842,29/02/2020,ABK01,CV. ANUGRAH BUMI KHATULISTIWA ( SINTANG ),,,,,BRNANC003,,ANTANGIN PERMEN ANEKA RASA B50,250,,DL0478/MPM/II/2020
DO,DO-20-001843,29/02/2020,SS01,CV. SEHAT SEJAHTERA (JAMBI),,,,,BRNANJ002,,ANTANGIN JUNIOR SD5,4800,,DL0479/MPM/II/2020
DO,DO-20-001843,29/02/2020,SS01,CV. SEHAT SEJAHTERA (JAMBI),,,,,BRNANS003,,ANTANGIN JRG + MADU SD12,86400,,DL0479/MPM/II/2020
DO,DO-20-001843,29/02/2020,SS01,CV. SEHAT SEJAHTERA (JAMBI),,,,,BRNANC003,,ANTANGIN PERMEN ANEKA RASA B50,1200,,DL0479/MPM/II/2020
DO,DO-20-001844,29/02/2020,SS02,CV. SEHAT SEJAHTERA (MUARA BUNGO),,,,,BRNANJ002,,ANTANGIN JUNIOR SD5,7200,,DL0480/MPM/II/2020
DO,DO-20-001844,29/02/2020,SS02,CV. SEHAT SEJAHTERA (MUARA BUNGO),,,,,BRNANS002,,ANTANGIN JRG + MADU ST24,1920,,DL0480/MPM/II/2020
DO,DO-20-001844,29/02/2020,SS02,CV. SEHAT SEJAHTERA (MUARA BUNGO),,,,,BRNANJ001,,ANTANGIN JUNIOR ST36,2880,,DL0480/MPM/II/2020
DO,DO-20-001844,29/02/2020,SS02,CV. SEHAT SEJAHTERA (MUARA BUNGO),,,,,BRNANS003,,ANTANGIN JRG + MADU SD12,43200,,DL0480/MPM/II/2020
DO,DO-20-001844,29/02/2020,SS02,CV. SEHAT SEJAHTERA (MUARA BUNGO),,,,,BRNKTT001,,TUNTAS  K10,800,,DL0480/MPM/II/2020
DO,DO-20-001844,29/02/2020,SS02,CV. SEHAT SEJAHTERA (MUARA BUNGO),,,,,BRNKRW001,,RAPET WANGI K10,800,,DL0480/MPM/II/2020
DO,DO-20-001844,29/02/2020,SS02,CV. SEHAT SEJAHTERA (MUARA BUNGO),,,,,BRNANC003,,ANTANGIN PERMEN ANEKA RASA B50,800,,DL0480/MPM/II/2020
DO,DO-20-001845,29/02/2020,SUN01,PT. SUKSES USAHA NIAGA (BELITUNG),,,,,BRNANT002,,ANTANGIN JRG PLUS JAHE MERAH TD20,16000,,DL0485/MPM/II/2020
DO,DO-20-001845,29/02/2020,SUN01,PT. SUKSES USAHA NIAGA (BELITUNG),,,,,BRNSPG001,,SRONGPAS D20,2000,,DL0485/MPM/II/2020
DO,DO-20-001845,29/02/2020,SUN01,PT. SUKSES USAHA NIAGA (BELITUNG),,,,,BRNNSL001,,NATUR SLIM S30,288,,DL0485/MPM/II/2020
DO,DO-20-001845,29/02/2020,SUN01,PT. SUKSES USAHA NIAGA (BELITUNG),,,,,BRNOBH003,,OB HERBAL B100,480,,DL0485/MPM/II/2020
DO,DO-20-001845,29/02/2020,SUN01,PT. SUKSES USAHA NIAGA (BELITUNG),,,,,BRNOBH002,,OB HERBAL D10,900,,DL0485/MPM/II/2020
DO,DO-20-001845,29/02/2020,SUN01,PT. SUKSES USAHA NIAGA (BELITUNG),,,,,BRNOBC001,,OB HERBAL PERMEN HERBAL RASA MINT S5,810,,DL0485/MPM/II/2020
DO,DO-20-001845,29/02/2020,SUN01,PT. SUKSES USAHA NIAGA (BELITUNG),,,,,BRNANJ002,,ANTANGIN JUNIOR SD5,2400,,DL0485/MPM/II/2020
DO,DO-20-001845,29/02/2020,SUN01,PT. SUKSES USAHA NIAGA (BELITUNG),,,,,BRNKDS001,,KULDON TD10,3000,,DL0485/MPM/II/2020
DO,DO-20-001845,29/02/2020,SUN01,PT. SUKSES USAHA NIAGA (BELITUNG),,,,,BRNANC005,,ANTANGIN PERMEN ANEKA RASA T250,324,,DL0485/MPM/II/2020
DO,DO-20-001845,29/02/2020,SUN01,PT. SUKSES USAHA NIAGA (BELITUNG),,,,,BRNANC006,,ANTANGIN PERMEN ANEKA RASA B200,384,,DL0485/MPM/II/2020
DO,DO-20-001845,29/02/2020,SUN01,PT. SUKSES USAHA NIAGA (BELITUNG),,,,,BRNANS003,,ANTANGIN JRG + MADU SD12,34560,,DL0485/MPM/II/2020
DO,DO-20-001845,29/02/2020,SUN01,PT. SUKSES USAHA NIAGA (BELITUNG),,,,,BRNANM001,,ANTANGIN MINT SD12,5760,,DL0485/MPM/II/2020
DO,DO-20-001845,29/02/2020,SUN01,PT. SUKSES USAHA NIAGA (BELITUNG),,,,,BRNANC008,,ANTANGIN PERMEN ANEKA RASA T150,192,,DL0485/MPM/II/2020
DO,DO-20-001845,29/02/2020,SUN01,PT. SUKSES USAHA NIAGA (BELITUNG),,,,,BRNKTT001,,TUNTAS  K10,500,,DL0485/MPM/II/2020
DO,DO-20-001845,29/02/2020,SUN01,PT. SUKSES USAHA NIAGA (BELITUNG),,,,,BRNKRW001,,RAPET WANGI K10,500,,DL0485/MPM/II/2020
DO,DO-20-001845,29/02/2020,SUN01,PT. SUKSES USAHA NIAGA (BELITUNG),,,,,BRNOBZ001,,OB HERBAL ZIPLONG D5,600,,DL0485/MPM/II/2020
DO,DO-20-001845,29/02/2020,SUN01,PT. SUKSES USAHA NIAGA (BELITUNG),,,,,BRNOBZ002,,OB HERBAL ZIPLONG R10,1500,,DL0485/MPM/II/2020
DO,DO-20-001845,29/02/2020,SUN01,PT. SUKSES USAHA NIAGA (BELITUNG),,,,,BRNTJH002,,TEJAHE PERMEN RASA JAHE T150,48,,DL0485/MPM/II/2020
DO,DO-20-001845,29/02/2020,SUN01,PT. SUKSES USAHA NIAGA (BELITUNG),,,,,BRNTJH005,,TEJAHE PERMEN RASA BANDREK B50,200,,DL0485/MPM/II/2020
DO,DO-20-001845,29/02/2020,SUN01,PT. SUKSES USAHA NIAGA (BELITUNG),,,,,BRNTJH006,,TEJAHE PERMEN RASA SEKOTENG B50,200,,DL0485/MPM/II/2020
DO,DO-20-001845,29/02/2020,SUN01,PT. SUKSES USAHA NIAGA (BELITUNG),,,,,BRNOBH004,,OB HERBAL B30,240,,DL0485/MPM/II/2020
DO,DO-20-001845,29/02/2020,SUN01,PT. SUKSES USAHA NIAGA (BELITUNG),,,,,BRNOBJ002,,OB HERBAL JUNIOR B30,240,,DL0485/MPM/II/2020
DO,DO-20-001845,29/02/2020,SUN01,PT. SUKSES USAHA NIAGA (BELITUNG),,,,,BRNANC003,,ANTANGIN PERMEN ANEKA RASA B50,1600,,DL0485/MPM/II/2020
DO,DO-20-001846,29/02/2020,DML02,PT. DESJAWINA MULTI LESTARI (MEDAN),,,,,BRNANS003,,ANTANGIN JRG + MADU SD12,63360,,DL0462/MPM/II/2020
DO,DO-20-001847,29/02/2020,DML02,PT. DESJAWINA MULTI LESTARI (MEDAN),,,,,BRNANS003,,ANTANGIN JRG + MADU SD12,72000,,DL0463/MPM/II/2020
DO,DO-20-001848,29/02/2020,DML02,PT. DESJAWINA MULTI LESTARI (MEDAN),,,,,BRNANS003,,ANTANGIN JRG + MADU SD12,57600,,DL0464/MPM/II/2020
DO,DO-20-001849,29/02/2020,MPI31,PT. MILLENNIUM PHARMACON INTERNATIONAL Tbk. (TASIKMALAYA),,,,,BRNOBH003,,OB HERBAL B100,48,,DL0207/MPM/II/2020
DO,DO-20-001850,29/02/2020,MPI33,PT. MILLENIUM PHARMACON I (POLLING CAKUNG),,,,,BRNANT002,,ANTANGIN JRG PLUS JAHE MERAH TD20,29000,,DL0418/MPM/II/2020
DO,DO-20-001850,29/02/2020,MPI33,PT. MILLENIUM PHARMACON I (POLLING CAKUNG),,,,,BRNANS001,,ANTANGIN JRG + MADU SD5,482100,,DL0418/MPM/II/2020
DO,DO-20-001850,29/02/2020,MPI33,PT. MILLENIUM PHARMACON I (POLLING CAKUNG),,,,,BRNOBH003,,OB HERBAL B100,2592,,DL0418/MPM/II/2020
DO,DO-20-001850,29/02/2020,MPI33,PT. MILLENIUM PHARMACON I (POLLING CAKUNG),,,,,BRNOBH001,,OB HERBAL B60,10080,,DL0418/MPM/II/2020
DO,DO-20-001850,29/02/2020,MPI33,PT. MILLENIUM PHARMACON I (POLLING CAKUNG),,,,,BRNANJ002,,ANTANGIN JUNIOR SD5,154800,,DL0418/MPM/II/2020
DO,DO-20-001850,29/02/2020,MPI33,PT. MILLENIUM PHARMACON I (POLLING CAKUNG),,,,,BRNANS003,,ANTANGIN JRG + MADU SD12,294120,,DL0418/MPM/II/2020
DO,DO-20-001850,29/02/2020,MPI33,PT. MILLENIUM PHARMACON I (POLLING CAKUNG),,,,,BRNANM001,,ANTANGIN MINT SD12,59760,,DL0418/MPM/II/2020
DO,DO-20-001850,29/02/2020,MPI33,PT. MILLENIUM PHARMACON I (POLLING CAKUNG),,,,,BRNANM002,,ANTANGIN MINT SD5,148800,,DL0418/MPM/II/2020
DO,DO-20-001851,29/02/2020,MSL03,PT. MANDIRI SUKSES LESTARI (TB. TINGGI),,,,,BRNANS003,,ANTANGIN JRG + MADU SD12,72000,,DL0467/MPM/II/2020
DO,DO-20-001852,29/02/2020,MSL03,PT. MANDIRI SUKSES LESTARI (TB. TINGGI),,,,,BRNANS003,,ANTANGIN JRG + MADU SD12,69120,,DL0468/MPM/II/2020
DO,DO-20-001853,29/02/2020,MSL03,PT. MANDIRI SUKSES LESTARI (TB. TINGGI),,,,,BRNANS003,,ANTANGIN JRG + MADU SD12,66240,,DL0469/MPM/II/2020
DO,DO-20-001854,29/02/2020,MSL03,PT. MANDIRI SUKSES LESTARI (TB. TINGGI),,,,,BRNANS003,,ANTANGIN JRG + MADU SD12,57600,,DL0470/MPM/II/2020
DO,DO-20-001855,29/02/2020,MSL03,PT. MANDIRI SUKSES LESTARI (TB. TINGGI),,,,,BRNANS003,,ANTANGIN JRG + MADU SD12,39600,,DL0471/MPM/II/2020
DO,DO-20-001856,29/02/2020,JMS,CV. JAYA MAKMUR SEJAHTERA (R.PRAPAT),,,,,BRNANT002,,ANTANGIN JRG PLUS JAHE MERAH TD20,8000,,DL0451/MPM/II/2020
DO,DO-20-001856,29/02/2020,JMS,CV. JAYA MAKMUR SEJAHTERA (R.PRAPAT),,,,,BRNOBH003,,OB HERBAL B100,2880,,DL0451/MPM/II/2020
DO,DO-20-001856,29/02/2020,JMS,CV. JAYA MAKMUR SEJAHTERA (R.PRAPAT),,,,,BRNOBH001,,OB HERBAL B60,4320,,DL0451/MPM/II/2020
DO,DO-20-001856,29/02/2020,JMS,CV. JAYA MAKMUR SEJAHTERA (R.PRAPAT),,,,,BRNOBJ001,,OB HERBAL JUNIOR B60,1728,,DL0451/MPM/II/2020
DO,DO-20-001856,29/02/2020,JMS,CV. JAYA MAKMUR SEJAHTERA (R.PRAPAT),,,,,BRNANS002,,ANTANGIN JRG + MADU ST24,3840,,DL0451/MPM/II/2020
DO,DO-20-001856,29/02/2020,JMS,CV. JAYA MAKMUR SEJAHTERA (R.PRAPAT),,,,,BRNANS003,,ANTANGIN JRG + MADU SD12,184320,,DL0451/MPM/II/2020
DO,DO-20-001856,29/02/2020,JMS,CV. JAYA MAKMUR SEJAHTERA (R.PRAPAT),,,,,BRNOBH004,,OB HERBAL B30,864,,DL0451/MPM/II/2020
DO,DO-20-001856,29/02/2020,JMS,CV. JAYA MAKMUR SEJAHTERA (R.PRAPAT),,,,,BRNOBJ002,,OB HERBAL JUNIOR B30,432,,DL0451/MPM/II/2020